,Close,Adj. Close.L1,P/E (LTM).L1,EPS - Est High (NTM).L1
0,1.0399999999999991,-2.136226520000008,0.0,0.0
1,-0.8700000000000045,2.2441167500000034,0.0,-0.019999999999999962
2,-0.8699999999999974,-1.8772899700000067,0.030000000000000027,-0.020000000000000018
3,-0.26500000000000057,-1.8772899699999925,0.0,0.0
4,-0.32399999999999807,-0.5718182100000035,0.0,0.0
5,0.4289999999999985,-0.6991286800000012,0.0,0.0
6,0.2699999999999996,0.925698159999996,0.0,0.0
7,0.26000000000000156,0.5826072300000078,0.0,0.0
8,0.4400000000000013,0.5610291800000056,0.0,0.0
9,-0.7000000000000028,0.9494340099999903,0.0,0.0
10,-0.5,-1.5104631899999958,0.0,0.0
11,-0.16000000000000014,-1.0789022800000083,0.0,0.0
12,-0.08999999999999986,-0.34524872999999445,0.0,0.0
13,-2.474999999999998,-0.19420241999999632,0.0,0.0
14,-0.15500000000000114,-5.340566290000005,0.0,0.0
15,1.0199999999999996,-0.3344597099999973,0.0,0.0
16,-0.10999999999999943,2.20096066,0.0,0.0
17,-0.23999999999999844,-0.23735849999999914,0.0,0.0
18,-0.010000000000001563,-0.5178731000000028,0.0,0.0
19,-0.3000000000000007,-0.02157804999999513,0.0,0.010000000000000009
20,0.8900000000000006,-0.6473413600000057,0.0,0.0
21,-2.495000000000001,1.9204460600000033,0.0,0.0
22,-3.1400000000000006,41.88737921,0.040000000000000036,0.02999999999999997
23,-0.5549999999999997,-12.304702070000005,0.0,-0.06999999999999995
24,-1.4399999999999977,-2.1748756799999995,0.0,0.0
25,-0.8300000000000018,-5.642920679999989,0.0,0.0
26,-0.8399999999999999,-3.2525167900000014,0.0,0.0
27,1.0500000000000007,-3.291703730000009,0.0,0.0
28,0.8300000000000018,4.114629669999999,0.0,0.0
29,-1.2000000000000028,3.2525167800000077,0.0,0.0
30,0.0,-4.702433900000003,0.0,0.0
31,0.2900000000000027,0.0,0.0,0.0
32,0.796999999999997,1.136421519999999,0.0,0.0
33,-0.2069999999999972,3.123199850000006,0.0,0.0
34,-1.2200000000000024,-0.8111698400000051,0.0,0.0
35,0.8200000000000003,-4.780807800000005,0.0,0.0
36,-1.3299999999999983,3.2133298300000064,0.0,0.0
37,-0.8200000000000003,-5.211864239999997,0.0,0.0
38,0.9609999999999985,-3.21332984,0.0,0.0
39,-0.8520000000000003,3.765865820000002,0.0,0.0
40,0.28000000000000114,-3.338728070000002,0.0,0.0
41,0.0010000000000012221,1.0972345799999914,0.0,0.0
42,-0.03100000000000236,0.003918690000006109,0.0,0.0
43,-0.25900000000000034,-0.12147953999999572,0.0,0.0
44,0.19000000000000128,-1.0149419800000032,0.0,0.0
45,-0.23999999999999844,0.7445520299999941,0.0,0.0
46,-0.01150000000000162,-0.9404867800000005,0.0,0.0
47,-1.0305,-0.045064990000000194,0.0,0.0
48,-0.3290000000000006,-4.038215109999996,0.0,0.0
49,0.8509999999999991,-1.289250629999998,0.0,0.0
50,0.38000000000000256,3.334809370000002,0.0,0.0
51,0.019999999999999574,1.4891040699999962,0.0,0.0
52,-0.1700000000000017,0.07837390000000255,0.0,-0.050000000000000044
53,0.620000000000001,-0.6661781399999995,0.0,0.0
54,1.5010000000000012,2.4295908499999967,0.0,0.0
55,-0.21799999999999997,5.881961070000003,0.0,0.0
56,1.286999999999999,-0.8542754900000062,0.0,0.0
57,-0.4800000000000004,5.043360360000008,0.0,0.0
58,0.3500000000000014,-1.880973560000001,0.0,0.0
59,1.4199999999999982,1.3715432199999924,0.0,0.0
60,-0.6999999999999993,5.564546780000001,0.0,0.0
61,0.2699999999999996,-2.743086439999999,0.0,0.0
62,-2.0700000000000003,1.0580476300000043,0.0,0.0
63,-0.509999999999998,-8.111698480000001,0.0,0.0
64,0.33999999999999986,-1.9985344100000049,0.0,0.0
65,-0.3000000000000007,1.3323562700000053,0.0,0.0
66,1.3399999999999999,-1.1756084700000002,0.0,0.0
67,0.3299999999999983,5.251051189999998,0.0,0.0
68,0.28000000000000114,1.293169320000004,0.0,0.0
69,-0.4400000000000013,1.0972345799999914,0.0,0.0
70,0.11750000000000327,-1.724225759999996,0.0,0.0
71,-1.0375000000000014,0.4604466499999944,0.0,0.0
72,-0.5100000000000016,-4.065645979999999,0.019999999999999907,0.0
73,-0.17299999999999827,-1.9985344099999907,0.0,0.0
74,-0.5869999999999997,-0.6779342199999974,0.0,0.0
75,0.10999999999999943,-2.3002739100000014,0.0,0.0
76,-0.23189999999999955,0.4310564399999919,0.0,0.0
77,0.0018999999999991246,-0.9087453499999896,0.0,0.0
78,-0.03999999999999915,0.007445519999990324,0.0,0.0
79,0.3999999999999986,-0.1567477999999909,0.0,0.0
80,-0.9049999999999976,1.5674779699999988,0.0,0.0
81,0.02499999999999858,-3.54641891,0.0,0.0
82,0.3210000000000015,0.09796738000000005,-0.009999999999999898,0.0
83,0.1789999999999985,1.2579010699999884,0.0,0.0
84,3.7299000000000007,103.21552589000001,0.07999999999999996,0.020000000000000018
85,-0.6699000000000019,34.22491790000001,0.020000000000000018,0.12
86,-0.6174999999999997,-6.14688670000001,0.0,0.0
87,-0.8324999999999996,-5.6660732,0.0,0.0
88,0.10000000000000142,-7.638876199999999,0.0,0.0
89,-0.030000000000001137,0.917582699999997,0.0,0.0
90,0.07000000000000028,-0.27527480000000537,0.0,0.0
91,-0.07880000000000109,0.6423078999999916,0.0,0.0
92,-0.7012,-0.7230551999999761,0.0,0.0
93,-0.4800000000000004,-6.434089999999998,0.0,0.0
94,-0.7799999999999976,-4.404397100000011,0.0,0.0
95,0.8599999999999994,-7.157145200000002,0.0,0.0
96,-0.21000000000000085,7.891211400000003,0.0,0.0
97,2.5,-1.9269237000000032,0.0,0.0
98,-0.18999999999999773,22.93956800000001,0.0,0.0
99,1.390699999999999,-1.7434072000000072,0.0,0.0
100,-0.6406999999999989,12.760822899999994,0.0,0.0
101,0.17999999999999972,-5.878952499999997,0.0,-0.010000000000000009
102,1.2199999999999989,1.6516488999999979,0.0,0.0
103,-0.3219999999999992,11.194509199999999,0.0,0.0
104,1.9420000000000002,-2.954616299999998,0.0,0.0
105,0.2099999999999973,17.819456400000007,0.0,0.0
106,0.21000000000000085,1.9269237000000032,0.0,0.0
107,0.9600000000000009,1.9269237000000032,0.0,0.0
108,0.6799999999999997,8.8087941,0.0,0.0
109,-0.9600000000000009,6.239562500000005,0.0,0.0
110,0.4200000000000017,-8.808794100000028,0.0,0.0
111,0.25,3.8538474000000065,0.0,0.0
112,-0.740000000000002,2.293956800000018,0.0,0.0
113,0.5150000000000006,-6.790112100000016,0.0,0.0
114,0.3550000000000004,4.725550999999996,0.0,0.0
115,0.14000000000000057,3.2574187000000165,0.0,0.0
116,-0.3998999999999988,1.2846158000000116,0.0,0.0
117,0.6598999999999968,-3.6694133000000306,0.0,0.0
118,-1.4279999999999973,6.055128300000035,0.0,0.0
119,-0.062000000000001165,-13.10308120000002,0.0,0.0
120,0.9600000000000009,-0.5689012999999932,0.0,0.0
121,-0.3000000000000007,8.8087941,0.0,0.0
122,-0.05000000000000071,-2.7527481000000193,0.0,0.0
123,-1.0999999999999979,-0.4587913999999955,0.0,0.0
124,0.6699999999999982,-10.093409899999983,0.0,0.0
125,-0.41999999999999815,6.147804199999996,0.0,0.0
126,-0.46000000000000085,-3.8538474000000065,0.0,0.0
127,-0.1387999999999998,-4.220880499999993,0.0,0.0
128,0.7085000000000008,-1.2736048000000153,0.0,0.0
129,1.3802999999999983,6.501073500000018,0.0,0.010000000000000009
130,-0.23000000000000043,12.665394300000003,0.010000000000000009,0.0
131,0.990000000000002,-2.1104402000000277,0.0,0.0
132,0.6612999999999971,9.084068900000034,0.0,0.0
133,-0.36059999999999803,6.067974499999991,0.0,0.0
134,1.5292999999999992,-3.3088033000000223,0.0,0.0
135,0.7100000000000009,14.032592599999987,0.0,0.0
136,0.41999999999999815,6.514837300000011,0.0,0.0
137,-0.7724999999999973,3.8538474000000065,0.0,0.0
138,-0.8475000000000001,-7.088326499999994,0.0,0.0
139,-0.25,-7.776513599999987,0.0,0.0
140,0.28999999999999915,-2.2939567999999895,0.0,0.0
141,-0.4800000000000004,2.660989900000004,0.0,0.0
142,1.068999999999999,-4.404397000000017,0.0,0.0
143,0.09100000000000108,9.80895929999997,0.0,0.0
144,0.259999999999998,0.8350002000000245,0.0,0.0
145,0.46000000000000085,2.3857150999999703,0.0,0.0
146,0.929000000000002,4.220880500000021,0.0,0.0
147,-1.679000000000002,8.524343499999986,0.0,0.0
148,0.4499999999999993,-15.406213899999955,0.0,0.0
149,-0.2589999999999968,-1.274419622950802,-0.12,0.06000000000000005
150,-1.2510000000000012,-1.274419622950802,0.10999999999999999,-0.12000000000000005
151,-1.6209999999999987,-1.274419622950802,0.0,0.0
152,0.5309999999999988,-1.274419622950802,0.0,0.0
153,0.41000000000000014,-1.2744196229509157,0.0,0.0
154,-0.40000000000000213,-1.274419622950802,0.0,0.0
155,-0.10499999999999687,-1.274419622950802,0.0,0.0
156,-0.28500000000000014,-1.2744196229508589,0.0,0.0
157,-0.8900000000000006,-1.274419622950802,0.0,0.0
158,0.5374999999999979,-1.274419622950802,0.0,0.0
159,0.5925000000000011,-1.274419622950802,0.0,0.0
160,-0.17999999999999972,-1.2744196229508589,0.0,0.0
161,0.6099999999999994,-1.274419622950802,0.0,0.0
162,-0.46799999999999997,-1.274419622950802,0.0,0.0
163,-1.1789999999999985,-1.2744196229508589,0.0,0.0
164,-0.15300000000000225,-1.274419622950802,0.0,0.0
165,0.14000000000000057,-1.274419622950802,0.0,-0.04999999999999999
166,0.120000000000001,-1.2744196229508589,0.0,0.0
167,-0.5199999999999996,-1.274419622950802,0.0,0.0
168,0.379999999999999,-1.274419622950802,0.0,0.0
169,0.5300000000000011,-1.2744196229508589,0.0,0.0
170,-0.060000000000002274,-1.2744196229507736,0.0,0.0
171,-0.1999999999999993,-1.274419622950802,0.0,0.0
172,-0.067499999999999,-1.2744196229508589,0.0,0.0
173,1.1254999999999988,-1.2744196229508304,0.0,0.0
174,-0.6179999999999986,-1.274419622950802,0.0,0.0
175,0.17999999999999972,-1.2744196229508304,0.0,0.0
176,-0.3100000000000023,-1.2744196229508589,0.0,0.0
177,-0.75,-1.274419622950802,0.0,0.0
178,-0.03999999999999915,-1.274419622950802,0.0,0.0
179,-0.3949999999999996,-1.2744196229508304,0.0,0.0
180,-0.15500000000000114,-1.274419622950802,0.0,0.0
181,0.060000000000002274,-1.274419622950802,0.0,0.0
182,-0.6900000000000013,-1.2744196229508304,0.0,0.0
183,-0.120000000000001,-1.2744196229508304,0.0,0.0
184,-0.00999999999999801,-1.274419622950802,0.0,0.0
185,-0.5990000000000002,-1.2744196229508304,0.0,0.0
186,0.07399999999999807,-1.2744196229508304,0.0,0.0
187,0.8850000000000016,-1.274419622950802,0.0,0.0
188,-0.5100000000000016,-1.2744196229508304,0.0,0.0
189,-0.04999999999999716,-1.2744196229508304,0.0,0.0
190,-0.10999999999999943,-1.274419622950802,0.0,0.0
191,0.8299999999999983,-1.274419622950802,0.0,0.0
192,0.8225000000000016,-1.2744196229508304,0.0,0.0
193,0.317499999999999,-1.274419622950802,0.0,0.0
194,-0.5410000000000004,-1.2744196229508589,0.0,0.0
195,-0.25900000000000034,-1.2744196229508304,0.0,0.0
196,0.9800000000000004,-1.274419622950802,0.0,0.0
197,0.447499999999998,-1.274419622950802,0.0,0.0
198,-0.6174999999999997,-1.2744196229508304,0.0,0.0
199,-0.879999999999999,-1.2744196229508589,0.0,0.0
200,0.40000000000000213,-1.2744196229507736,0.0,0.04999999999999999
201,-0.2950000000000017,-1.2744196229508589,0.0,0.0
202,-0.9349999999999987,-1.2744196229508304,0.0,0.0
203,0.03999999999999915,-1.274419622950802,0.0,0.0
204,0.23999999999999844,-1.2744196229508304,0.0,0.0
205,0.010000000000001563,-1.274419622950802,0.0,0.0
206,0.129999999999999,-1.274419622950802,0.0,0.0
207,0.030000000000001137,-1.274419622950802,0.0,0.0
208,0.7100000000000009,-1.2744196229508304,0.0,0.0
209,0.129999999999999,-1.2744196229508589,0.0,0.0
210,0.7889999999999979,-1.274419622950802,0.0,0.0
211,-0.33899999999999864,-1.274419622950802,0.0,0.0
212,1.5399999999999991,-1.274419622950802,0.020000000000000018,0.0
213,-0.6589999999999989,-1.274419622950802,-0.020000000000000018,0.03839999999999999
214,-0.7409999999999997,-1.2744196229508304,0.0,0.0
215,-0.6810000000000009,-1.2744196229508589,0.0,0.0
216,0.23100000000000165,-1.274419622950802,0.0,0.0
217,-0.08000000000000185,-1.274419622950802,0.0,0.0
218,-0.35999999999999943,-1.2744196229508589,0.0,0.0
219,0.14000000000000057,-1.274419622950802,0.0,0.0
220,0.25,-1.2744196229508304,0.0,0.0
221,-0.46999999999999886,-1.2744196229508304,0.0,0.0
222,-0.4700000000000024,-1.274419622950802,0.0,0.0
223,0.120000000000001,-1.2744196229508589,0.0,0.0
224,-0.49099999999999966,-1.274419622950802,0.0,0.0
225,-0.0990000000000002,-1.274419622950802,0.0,0.0
226,-0.5010000000000012,-1.2744196229508304,0.0,0.0
227,-0.0990000000000002,-1.2744196229508304,0.0,0.0
228,-0.7474999999999987,-1.274419622950802,0.0,0.0015999999999999903
229,-0.21249999999999858,-1.274419622950802,0.0,0.0
230,-0.7800000000000011,-1.2744196229508304,0.0,0.0
231,1.2300000000000004,-1.2744196229508304,0.0,0.0
232,-0.20200000000000173,-1.274419622950802,0.0,0.0
233,-0.5,-1.2744196229508304,0.0,0.0
234,-0.3279999999999994,-1.2744196229508304,0.0,0.0
235,-0.6209999999999987,-1.274419622950802,0.0,0.0
236,0.07099999999999795,-1.2744196229508304,0.0,0.0
237,0.3210000000000015,-1.2744196229508304,0.0,0.0
238,1.038999999999998,-1.274419622950802,0.0,0.0
239,-0.29999999999999716,-1.2744196229508304,0.0,0.0
240,-0.26000000000000156,-1.2744196229508304,0.0,0.0
241,-0.03999999999999915,-1.274419622950802,0.0,0.0
242,-0.10000000000000142,-1.2744196229508304,0.0,0.0
243,0.39199999999999946,-1.2744196229508304,0.0,0.0
244,0.1880000000000024,-1.274419622950802,0.020000000000000018,0.0
245,0.0990000000000002,-1.274419622950802,0.0,0.0
246,-0.4090000000000025,-1.2744196229508304,0.0,0.0
247,0.6300000000000026,-1.2744196229508304,0.0,0.0
248,-0.5950000000000024,-1.274419622950802,0.0,0.0
249,0.3150000000000013,-1.2744196229508304,0.0,0.0
250,-0.08999999999999986,-1.2744196229508304,0.0,0.0
251,0.5,-1.274419622950802,0.0,0.0
252,0.21999999999999886,-1.2744196229508304,0.0,0.0
253,-0.07000000000000028,-1.2744196229508304,0.0,0.0
254,-0.3999999999999986,-1.274419622950802,0.0,0.0
255,0.10999999999999943,-1.2744196229508304,0.0,0.0
256,-0.14999999999999858,-1.2744196229508304,0.0,0.0
257,0.33999999999999986,-1.274419622950802,0.0,0.0
258,0.7699999999999996,-1.2744196229508304,0.0,0.0
259,0.3200000000000003,-1.274419622950802,0.0,-0.0021999999999999797
260,0.00999999999999801,-1.2744196229508304,0.0,0.0
261,0.10000000000000142,-1.2744196229508304,0.0,0.0
262,0.370000000000001,-1.274419622950802,0.0,0.0
263,0.03999999999999915,-1.2744196229508304,-0.010000000000000009,0.0
264,0.3299999999999983,-1.274419622950802,0.0,0.0
265,-0.46999999999999886,-1.2744196229508304,0.0,0.0
266,-0.2989999999999995,-1.2744196229508304,0.0,0.0
267,0.16400000000000148,-1.274419622950802,0.0,0.0
268,0.0849999999999973,-1.2744196229508304,0.0,0.0
269,0.38000000000000256,-1.2744196229508304,0.0,0.0
270,7.849,-1.2744196229508162,0.06999999999999995,0.012199999999999989
271,-0.34900000000000375,37.6149559,0.07999999999999996,0.15000000000000002
272,1.4200000000000017,-1.6725212999999997,0.0,0.0
273,2.1970000000000027,6.805100899999985,0.0,0.0
274,-0.8270000000000053,10.528737200000023,0.0,-0.030000000000000027
275,0.6890000000000001,-3.963252400000016,0.0,0.0
276,0.5609999999999999,3.301911600000011,0.0,0.0
277,1.139000000000003,2.6884940999999856,0.0,0.0
278,-0.6390000000000029,5.458457800000019,0.0,0.0
279,0.3200000000000003,-3.0622955000000047,0.0,0.0
280,-0.3299999999999983,1.5335438999999838,0.0,0.0
281,-0.03999999999999915,-1.5814670999999976,0.0,0.0
282,-0.28000000000000114,-0.19169299999998657,0.006500000000000061,0.0
283,-1.2010000000000005,-1.3418508999999972,0.0,0.010000000000000009
284,-0.3689999999999998,-5.75558190000001,0.0,0.0
285,-0.0899999999999963,-1.7683676999999989,0.0,0.0
286,0.519999999999996,-0.43130930000000944,0.0,0.0
287,0.730000000000004,2.492008800000008,0.0,0.0
288,0.5999999999999943,3.4983970000000113,0.04349999999999998,0.0
289,-0.0899999999999963,2.875394799999981,0.0,0.0
290,0.22999999999999687,-0.43130919999998696,0.0,0.0
291,2.0,1.1022346000000027,0.0,0.0
292,0.7900000000000063,9.584649299999995,0.0,0.0
293,-1.7000000000000028,3.785936399999997,0.0,0.0
294,0.9080000000000013,-8.14695180000001,0.0,0.0
295,0.7319999999999993,4.351430700000009,0.0,0.0
296,0.013999999999995794,3.5079815999999937,0.0,0.0
297,0.5760000000000005,0.06709259999999517,0.0,0.020000000000000018
298,-0.0899999999999963,2.7603789000000063,0.0,0.0
299,0.8799999999999955,-0.43130919999998696,0.0,0.010000000000000009
300,1.2900000000000063,4.2172457000000065,0.0,0.0
301,0.0899999999999963,6.182098699999983,0.0,0.0
302,-0.4399999999999977,0.43130930000000944,0.0,0.0
303,1.4399999999999977,-2.1086229000000003,0.0,0.0
304,-0.28999999999999915,6.900947500000001,0.0,0.0
305,-0.4399999999999977,-1.389774200000005,0.0,0.0
306,-1.8000000000000043,-2.1086228000000062,0.0,0.0
307,2.5600000000000023,-8.626184300000006,0.0,0.0
308,0.1599999999999966,12.268351000000024,0.0,0.0
309,0.75,0.7667718999999806,0.0,0.0
310,1.5100000000000051,3.5942435000000046,0.0,0.0
311,-0.30000000000000426,7.236410199999995,0.0,0.0
312,1.2600000000000051,-1.4376973999999905,0.0,0.0
313,1.009999999999998,6.0383290000000045,0.0,0.0
314,0.9299999999999997,4.84024789999998,0.0029000000000000137,0.0
315,0.8500000000000014,4.456861800000013,0.0,0.0
316,-1.0100000000000051,4.073475999999999,0.0,0.0
317,0.19000000000000483,-4.8402479000000085,0.0,0.0
318,-0.14000000000000057,0.9105417000000102,0.0,0.0
319,-1.0970000000000013,-0.6709255000000098,0.0,0.0
320,1.8569999999999993,-5.257180099999999,0.0,0.0
321,-0.5249999999999986,8.899346800000018,0.0,0.0
322,-3.375,-2.5159704000000147,0.0,0.0
323,-0.36999999999999744,-16.174095499999993,0.0,0.0
324,2.279999999999994,-1.7731602000000066,0.0,0.0
325,0.060000000000002274,10.926500199999992,0.0,0.0
326,0.3999999999999986,0.2875394000000142,0.0,0.0
327,-0.00999999999999801,1.9169298999999853,0.0,0.0
328,1.634999999999998,-0.04792329999997946,0.05710000000000004,0.010000000000000009
329,1.0750000000000028,7.83545079999999,0.0,0.0
330,2.009999999999998,5.151748900000001,0.0,0.0
331,-0.36999999999999744,9.63257249999998,0.0,0.0
332,-1.1750000000000043,-1.7731600999999841,0.0,0.0
333,-0.7749999999999986,-5.630981399999996,0.0,0.0
334,0.5450000000000017,-3.714051600000005,0.0,0.0
335,-0.49499999999999744,2.611816900000008,0.0,0.0
336,-1.7210000000000036,-2.3722007000000076,0.0,0.0
337,-0.8339999999999961,-8.247590599999995,0.0,0.0
338,-0.3850000000000051,-3.9967986999999994,0.0,0.0
339,1.1950000000000003,-109.9892701,0.09999999999999987,0.010000000000000009
340,-0.4549999999999983,3.0899710999999854,0.1200000000000001,0.045599999999999974
341,-1.5300000000000011,-1.1765161999999805,0.0,0.09999999999999998
342,1.884999999999998,-3.9561974000000077,0.0,0.0
343,-0.9849999999999994,4.874138600000009,0.0,0.0
344,-1.5599999999999952,-2.546963600000012,0.0,0.0
345,-0.030000000000001137,-4.033769899999996,0.0,0.0
346,-1.3299999999999983,-0.07757250000000226,0.0,0.0
347,0.40499999999999403,-3.4390473999999926,0.0,0.0
348,2.105000000000004,1.047228699999991,0.0,0.0
349,0.28000000000000114,5.443003599999997,0.0,0.0
350,0.01999999999999602,0.7240100000000069,0.0,0.0
351,-3.1799999999999997,0.05171500000000151,0.0,0.0
352,0.5300000000000011,-8.222684799999996,0.0,0.0
353,0.07000000000000028,1.3704474999999974,0.0,0.0
354,0.2700000000000031,0.181002399999997,0.0,0.0
355,-0.47000000000000597,0.6981525000000062,0.0,0.0
356,-1.4099999999999966,-1.215302400000013,0.0,0.0
357,1.0700000000000003,-3.6459073999999987,0.0,0.0
358,0.6000000000000014,2.7667524000000014,0.0,0.0
359,0.519999999999996,1.5514499000000086,0.0,0.0
360,0.05000000000000426,1.3445899999999966,0.0,0.0
361,-0.3300000000000054,0.12928750000000377,0.0,0.0
362,1.8900000000000006,-0.8532975000000107,0.0,0.0
363,-0.27999999999999403,4.8870674000000065,0.0,0.0
364,-0.4000000000000057,-0.7240100000000069,0.0,0.0
365,0.9000000000000057,-1.0342999999999876,0.0,0.0
366,1.404999999999994,2.327174999999997,0.0,0.0
367,-0.8649999999999949,3.632978599999987,0.0,0.0
368,2.4499999999999957,-2.236673699999997,0.0,0.0
369,1.490000000000002,6.335087400000006,0.0,0.0
370,0.490000000000002,3.8527674000000047,0.0,0.0
371,1.0499999999999972,1.267017399999986,0.0,0.0
372,0.7100000000000009,2.7150375000000224,0.0,0.0
373,-0.5200000000000031,1.8358823999999743,0.0,0.0
374,0.07000000000000028,-1.3445898999999883,0.0,0.0
375,2.6500000000000057,0.18100250000000528,0.0,0.0
376,0.18999999999999773,6.8522372999999845,0.0,0.0
377,-0.23000000000000398,0.49129250000001434,0.0,0.0
378,-2.289999999999999,-0.5947224999999889,0.0,0.0
379,-1.7299999999999969,-5.921367400000008,0.0,0.0
380,0.9390000000000001,-4.4733473,0.0,0.0
381,0.06099999999999994,2.4280191,0.0,0.0
382,-0.1529999999999987,0.15773079999999595,-0.009100000000000108,0.0
383,2.6430000000000007,-0.39561979999999153,0.0,0.0
384,0.7199999999999989,6.834137099999992,0.0,0.0
385,0.30999999999999517,1.8617399999999975,0.0,0.0
386,-1.009999999999998,0.8015824000000009,0.0,0.0
387,0.7199999999999989,-2.611607399999997,0.0,0.0
388,-2.030000000000001,1.8617399999999975,0.0,0.0
389,1.8300000000000054,-5.249072399999989,-0.0008999999999999009,0.0
390,-0.14000000000000057,4.7319223999999735,0.0,0.0
391,-0.4100000000000037,-0.36200499999998215,0.0,0.0
392,-0.8900000000000006,-1.0601575000000025,0.0,0.0
393,2.210000000000001,-2.301317399999988,0.0,0.0
394,-1.0,5.71450729999998,0.0,0.0
395,-0.8799999999999955,-2.585749899999996,0.0,0.0
396,-2.1799999999999997,-2.275459899999987,0.0,0.0
397,-0.9000000000000057,-5.6369349,0.0,0.0
398,1.5900000000000034,-2.327174900000017,0.0,0.0
399,-1.6099999999999994,4.111342400000012,0.08000000000000007,0.1644
400,7.549999999999997,-52.754827410000004,0.0,0.0
401,1.490000000000002,12.668911809999997,0.1499999999999999,0.12312000000000012
402,-1.0900000000000034,2.5002223999999984,0.0,-0.02312000000000003
403,1.2700000000000031,-1.8290216999999984,0.0,0.0
404,-0.5600000000000023,2.131061900000006,0.0,0.0
405,-0.030000000000001137,-0.939680800000005,0.0,0.0
406,2.1599999999999966,-0.050340099999999666,0.0,0.0
407,-0.7719999999999914,3.6244834000000026,0.0,0.0
408,1.3029999999999973,-1.2954172000000028,0.0,0.0
409,-0.40099999999999625,2.1864360000000005,0.0,0.0
410,2.8799999999999955,-0.6728786000000042,0.0,0.0
411,-0.23999999999999488,4.832644500000001,0.0,0.0
412,0.20999999999999375,-0.40272039999999265,0.0,0.02312000000000003
413,0.7600000000000051,0.35238040000000126,0.0,0.0
414,1.5699999999999932,1.275281199999995,0.0,0.0
415,-1.039999999999992,2.634462400000004,0.0,0.0
416,2.1899999999999977,-1.7451216000000045,0.0,0.0
417,-0.9300000000000068,3.674823399999994,0.0,0.0
418,-0.5899999999999892,-1.560541399999991,0.0,0.0
419,-0.3200000000000074,-0.9900209999999987,0.0,0.0
420,-0.480000000000004,-0.5369605000000064,0.0,0.0
421,-1.0499999999999972,-0.8054406999999912,0.0,0.0
422,1.3900000000000006,-1.76190170000001,0.0,0.0
423,2.769999999999996,2.3324222000000105,0.0,0.0
424,-0.7299999999999898,4.6480643999999955,0.0,0.0
425,-1.0400000000000063,-1.2249412000000035,0.0,0.0
426,2.230000000000004,-1.7451216000000045,0.0,0.0
427,-1.9300000000000068,3.741943500000005,0.0,0.0
428,0.779900000000012,-3.238542999999993,0.0,-0.02002000000000015
429,-2.049900000000008,1.3086733999999893,0.0,0.0
430,-1.1099999999999994,-3.4397353999999893,0.0,0.0
431,1.019900000000007,-1.862581800000001,0.0,0.0
432,0.45009999999999195,1.7113937999999962,0.0,0.0
433,-0.9500000000000028,0.7552684999999997,0.0,0.0
434,-1.269999999999996,-1.5941015000000078,0.0,0.0
435,0.269999999999996,-2.1310618999999917,0.0,0.0
436,-3.1400000000000006,0.45306039999999825,0.0,0.0
437,0.7900000000000063,-5.268924900000002,0.0,0.0
438,-4.505000000000003,1.3256212000000005,0.0,0.0
439,0.5850000000000009,-7.559397099999998,0.0,0.0
440,-0.9600000000000009,0.981630999999993,0.0,0.0
441,0.23000000000000398,-1.6108814999999908,0.0,0.0
442,2.3799999999999955,0.38594030000000146,0.0,0.0
443,0.10000000000000142,3.9936436999999927,0.0,0.0
444,-3.229999999999997,0.16780020000000206,0.0,0.0
445,-2.7409999999999997,-5.419945060000003,0.0,0.0
446,0.2010000000000005,-4.599402299999994,0.0,0.0
447,1.2400999999999982,0.3372783100000021,0.0,0.0
448,4.2198999999999955,2.080889749999997,0.0,0.0
449,-3.25,7.080998800000003,0.0,0.0
450,-0.6299999999999955,-5.453505079999999,0.0,0.0
451,0.35999999999999943,-1.0571409900000077,0.0,0.0
452,0.20000000000000284,0.6040805700000078,0.0,0.0
453,0.6299999999999955,0.3356003099999896,0.0,0.0
454,-0.7800000000000011,1.0571409900000077,0.0,0.0
455,2.3000000000000043,-1.3088412299999987,0.0,0.0
456,1.7900999999999954,3.8594036300000027,0.0,0.0
457,-1.670099999999998,3.003790599999988,0.0,0.0
458,-0.490000000000002,-24.57341430999999,0.14369999999999994,-0.023800000000000043
459,-3.1599999999999966,-0.648365130000002,0.11630000000000007,0.14070000000000005
460,-1.5700000000000003,-4.18129347,0.0,0.0
461,2.009999999999998,-2.0774147999999997,0.0,0.0
462,1.6300000000000026,2.6596202199999937,0.0,0.0
463,1.3699999999999974,2.156806440000011,0.0,0.0
464,-0.6899999999999977,1.81277596999999,0.0,0.0
465,0.759999999999998,-0.9130039499999896,0.0,0.0
466,-2.6899999999999977,1.0056275399999919,0.0,0.0
467,-1.1400000000000006,-3.5593922300000003,0.0,0.0
468,-0.6300000000000026,-1.5084413200000029,0.0,0.0
469,0.480000000000004,-0.8336122999999986,0.0,0.0
470,2.5899999999999963,0.6351331799999969,0.0,0.0
471,0.0,3.4270728200000065,0.0,0.0
472,-0.6000000000000014,0.0,0.0,0.0
473,-1.311,-0.7939164800000071,0.0,0.0
474,0.10090000000000288,-1.7347075199999864,0.0,0.0
475,1.190100000000001,0.1335102899999896,0.0,0.0
476,-0.6499999999999986,1.5747333400000088,0.0,0.0
477,1.9299999999999997,-0.8600761900000009,0.0,0.0
478,0.030000000000001137,2.553764689999994,0.0,0.0
479,0.830999999999996,0.03969582000000571,0.0,0.0
480,2.128999999999998,1.0995743299999958,0.0,0.0
481,0.030000000000001137,2.8170803200000023,0.0,0.0
482,0.3200000000000003,0.03969582999999943,0.0,0.0
483,-0.5300000000000011,0.4234221199999979,0.0,0.0
484,-0.21999999999999886,-0.7012928900000048,0.0,0.0
485,-0.21000000000000085,-0.2911027099999899,0.0,0.0
486,0.47000000000000597,-0.27787077000000693,0.0,0.0
487,-0.15400000000000347,0.6219012399999997,0.0,0.0
488,-0.6859999999999999,-0.20377188999999873,0.0,0.0
489,0.38000000000000256,-0.9077111799999926,0.0,0.0
490,2.8899999999999935,0.5028137699999888,0.0,0.0
491,0.01100000000000989,3.82403106000001,0.0,0.0
492,-1.4909000000000106,0.014555129999990868,0.0,0.0
493,0.20990000000000464,-1.9727501400000023,0.0,0.0
494,-0.3100000000000023,0.2777384500000011,0.0,0.0
495,0.21000000000000796,-0.41019018000000074,0.0,0.0
496,1.1999999999999886,0.27787077000000693,0.0,0.0
497,-1.258499999999998,1.58783296,0.0,0.0
498,0.15850000000000364,-1.6652398199999965,0.0,0.0
499,0.8700000000000045,0.20972626999999022,0.0,0.0
500,0.3499999999999943,1.151178900000005,0.0,0.0
501,1.7199999999999989,0.46311794999999734,0.0,0.0
502,-0.3100000000000023,2.2758939200000015,0.0,0.0
503,0.46999999999999886,-0.41019018999999446,0.0,0.0
504,-0.30999999999998806,0.6219012499999934,0.0,0.0
505,0.769999999999996,-0.41019018000000074,0.0,0.0
506,-1.6099999999999994,1.0188594800000033,0.0,0.0
507,-0.1599999999999966,-2.1303425600000025,0.0,0.0
508,-1.0,-0.21171105999999895,0.0,0.0
509,-2.5300000000000082,-1.3231941399999982,0.0,0.0
510,2.210000000000001,-3.3476811700000013,0.0,0.0
511,-0.09749999999999659,2.9242590500000034,0.0,0.0
512,1.4675000000000011,-0.1290114300000056,0.0,0.0
513,1.5600000000000023,1.9417874000000097,0.0,0.0
514,-0.7349999999999994,2.0641828499999946,0.0,0.0
515,0.49499999999999034,-0.972547689999999,0.0,0.0
516,-1.2501000000000033,0.6549811000000005,0.0,0.0
517,2.010000000000005,-1.6541249899999997,0.0,0.0
518,0.9801000000000073,2.65962021,0.0,0.0
519,-0.13000000000000966,1.2968625799999955,0.0,0.0
520,2.0200000000000102,-0.17201523999999324,0.0,0.0
521,3.6899999999999977,-14.648828210000005,0.06309999999999993,0.06000000000000005
522,0.20999999999999375,3.9860089999999957,0.22509999999999986,0.20999999999999996
523,-0.269999999999996,0.22684603999999808,0.0,0.0
524,-1.210000000000008,-0.2916591899999901,0.0,0.0
525,0.967000000000013,-1.3070652800000033,0.0,0.0
526,-2.027000000000001,1.0445720000000023,0.0,0.0
527,-0.29000000000000625,-2.1896044000000074,0.0,0.0
528,1.1500000000000057,-0.31326357999999743,0.0,0.0
529,-0.8200000000000074,1.2422521299999971,0.0,0.0
530,-0.21999999999999886,-0.8857797799999929,0.0,0.0
531,0.7000000000000028,-0.2376482300000049,0.0,0.0
532,-0.10999999999999943,0.756153470000001,0.0,0.0
533,0.37999999999999545,-0.11882411999999931,0.0,0.0
534,-0.6099999999999994,0.4104833100000036,0.0,0.0
535,0.9399999999999977,-0.658933740000009,0.0,0.0
536,0.5260000000000105,1.015406089999999,0.0,0.0
537,-0.666000000000011,0.568195320000001,0.0,0.0
538,0.960000000000008,-0.7194260099999923,0.0,0.0
539,0.7000000000000028,1.0370104699999985,0.0,0.0
540,-0.480000000000004,0.756153470000001,0.0,0.0
541,-0.2400000000000091,-0.5185052399999961,0.0,0.0
542,0.0,-0.25925261999999805,0.0,0.0
543,0.45000000000000284,0.0,0.0,0.0
544,0.940100000000001,0.48609865999999613,0.0,0.0
545,-1.3301000000000016,1.015514109999998,0.0,0.0
546,-0.7749999999999915,-1.4367996099999942,0.0,0.0
547,0.9649999999999892,-0.8371699100000001,0.0,0.0
548,1.8600000000000136,1.0424115599999908,0.0,0.0
549,-0.8500000000000085,2.009207790000005,0.0,0.0
550,0.12000000000000455,-0.9181863499999992,0.0,0.0
551,1.3100000000000023,0.12962630999999192,0.0,0.0
552,0.6299999999999955,1.415087200000002,0.0,0.0
553,-1.2199999999999989,0.6805381200000085,0.0,0.0
554,0.7600000000000051,-1.3178674700000101,0.0,0.0
555,0.4899999999999949,0.8209666200000072,0.0,0.0
556,-0.4399999999999977,0.5293074300000029,0.0,0.0
557,-2.9000000000000057,-0.4752964600000098,0.0,0.0
558,1.5,-3.1326358000000027,0.0,0.0
559,0.3500000000000085,1.6203288600000008,0.0,0.0
560,0.5699999999999932,0.37807673000000364,0.0,0.0
561,0.9099999999999966,0.6157249700000023,0.0,0.0
562,-1.1099999999999994,0.9829995099999991,0.0,0.0
563,1.490000000000009,-1.1990433600000046,0.0,0.0
564,0.24499999999999034,1.6095266700000082,0.0,0.0
565,-1.3149999999999977,0.2646537199999983,0.0,0.0
566,1.5700000000000074,-1.420488309999996,0.0,0.0
567,0.20999999999999375,1.6959442099999933,0.0,0.0
568,0.04000000000000625,0.22684603999999808,0.0,0.0
569,-2.490000000000009,0.04320877000000678,0.0,0.0
570,0.5300000000000011,-2.689745909999999,0.0,0.0
571,0.35999999999999943,0.5725161999999955,0.0,0.0
572,0.1150000000000091,0.3888789300000042,0.0,0.0
573,-1.2650000000000006,0.12422520999999165,0.0,0.0
574,1.2299999999999898,-1.3664773399999888,0.0,0.0
575,-1.6099999999999994,1.3286696699999965,0.0,0.0
576,-3.0,-1.73915298,0.0,0.0
577,0.0799999999999983,-3.2406577300000095,0.03000000000000025,0.0
578,0.6000000000000085,0.08641754000001356,0.0,0.0
579,-0.38000000000000966,0.648131549999988,0.0,0.0
580,-0.5799999999999983,-0.4104833099999894,0.0,0.0
581,3.3200000000000074,-0.6265271600000091,0.0,0.0
582,1.0,3.586327879999999,0.0,0.0
583,1.7399999999999949,1.0802192400000052,0.0,0.0
584,-0.3199999999999932,1.8795814799999988,0.0,-0.010000000000000009
585,1.6700000000000017,-0.3456701599999974,0.0,0.0
586,0.6299999999999955,1.803966129999992,-0.010000000000000231,0.0
587,-0.39000000000000057,0.6805381300000022,0.0,0.0
588,0.4899999999999949,-0.4212855099999899,0.0,0.0
589,-4.909999999999997,-10.658153000000013,0.11250000000000027,0.09000000000000008
590,-1.75,-4.623791909999994,-0.07069999999999999,-0.06000000000000005
591,0.8799999999999955,-1.6479910000000046,0.0,0.0
592,-1.1099999999999994,0.8287040499999989,0.0,0.0
593,1.8800000000000097,-1.0452971499999961,0.0,0.0
594,-0.9300000000000068,1.7704131899999993,0.0,0.0
595,0.4300000000000068,-0.87578950999999,0.0,0.0
596,0.3399999999999892,0.40493493999998975,0.0,0.0
597,-0.5999999999999943,0.32018111000000715,0.0,0.0
598,-0.39000000000000057,-0.5650254899999965,0.0,0.0
599,0.10999999999999943,-0.3672665700000124,0.0,0.0
600,-0.46999999999999886,0.10358801000000994,0.0,0.0
601,0.6299999999999955,-0.4426033000000018,0.0,0.0
602,-0.6400000000000006,0.5932767599999949,0.0,0.0
603,0.10000000000000853,-0.6026938499999943,0.0,0.0
604,-1.0100000000000051,0.09417091000000255,0.0,0.0
605,0.269999999999996,-0.9511262299999999,0.0,0.0
606,0.15000000000000568,0.2542614699999888,0.0,0.0
607,0.2600000000000051,0.1412563700000078,0.0,0.0
608,1.6199999999999903,0.24484438000000353,0.0,0.0
609,1.990000000000009,1.5255688099999958,0.0,0.0
610,0.0799999999999983,1.874001199999995,0.0,0.0
611,-2.6000000000000085,0.07533673000000363,0.0,0.0
612,0.35999999999999943,-2.448443780000005,0.0,0.0
613,-0.5799999999999983,0.3390152999999998,0.0,0.0
614,0.35999999999999943,-0.5461913099999975,0.0,0.0
615,1.1200000000000045,0.3390152900000061,0.0,0.0
616,0.1599999999999966,1.0547142499999893,0.0,0.0
617,0.3200000000000074,0.15067346000000725,0.0,0.0
618,-0.6599999999999966,0.301346929999994,0.0,0.0
619,1.5499999999999972,-0.6215280400000012,0.0,0.0
620,0.09999999999999432,1.4596491800000138,0.0,0.0
621,-0.8400000000000034,0.09417090999998834,0.0,0.0
622,-2.299999999999997,-0.7910356799999931,0.0,0.0
623,1.4200000000000017,-2.165931040000004,-0.010000000000000231,0.0
624,2.2900000000000063,1.337226990000005,0.0,0.0
625,1.4799999999999898,2.1565139399999964,0.0,0.0
626,1.5700000000000074,1.3937295399999954,0.0,0.0
627,-0.8400000000000034,1.4784833599999985,0.0,0.0
628,0.1599999999999966,-0.7910356799999931,0.0,0.0
629,0.005000000000009663,0.15067345999999304,0.0,0.0
630,-0.7550000000000097,0.004708550000003697,0.0,0.0
631,-0.7999999999999972,-0.7109904099999937,0.0,0.0
632,-1.2000000000000028,-0.7533673200000095,0.0,0.0
633,0.4300000000000068,-1.1300509699999992,0.0,0.0
634,-1.2600000000000051,0.40493493000001024,0.0,0.0
635,-1.039999999999992,-1.186553520000004,0.0,0.0
636,0.0,-0.9793775100000062,0.0,0.0
637,2.0249999999999915,0.0,0.0,0.0
638,-0.4350000000000023,1.9069610200000113,0.0,0.0
639,-1.019999999999996,-0.4096434799999997,0.0,0.0
640,-0.269999999999996,-0.9605433300000072,0.0,0.0
641,-0.1700000000000017,-0.254261470000003,0.0,0.0040000000000000036
642,-2.230000000000004,-0.1600905499999925,0.0,0.006000000000000005
643,1.1300000000000097,-2.1000113999999996,-0.015600000000000058,0.0
644,1.059999999999988,1.064131340000003,0.0,0.0
645,0.5,0.9982116899999909,0.0,0.0
646,0.9100000000000108,0.4708545700000002,0.0,0.0
647,0.1799999999999926,0.8569553300000052,0.0,0.0
648,-0.33499999999999375,0.16950763999999197,0.0,0.0
649,-1.7150000000000034,-0.31547255999998924,0.0,0.0
650,0.45999999999999375,-1.6150311900000105,0.0,0.0
651,1.7600000000000051,-2.2799057599999912,0.09560000000000013,0.1399999999999999
652,-2.0900000000000034,1.5947763899999927,0.08000000000000007,0.020000000000000018
653,-0.9200000000000017,-1.893796960000003,0.0,0.0
654,0.4100000000000108,-0.8336331099999938,0.0,0.0
655,0.22999999999998977,0.37151040999999907,0.0,0.0
656,-0.015000000000000568,0.20840828000000045,0.0,0.0
657,-1.144999999999996,-0.013591849999997407,0.0,0.0
658,-0.030000000000001137,-1.0375107699999973,0.0,0.0
659,0.75,-0.027183690000001093,0.0,0.0
660,1.3200000000000074,0.6795922099999956,0.0,0.0
661,-0.28000000000000114,1.1960822900000068,0.0,0.0
662,-0.4900000000000091,-0.25371443000000227,0.0,0.0
663,-0.14000000000000057,-0.44400024000000826,0.0,0.0
664,1.1099999999999994,-0.12685720999999717,0.0,0.0
665,2.710000000000008,1.005796470000007,0.0,0.0
666,0.4749999999999943,2.455593179999994,0.0,0.0
667,-1.0549999999999926,0.4304084000000046,0.0,0.0
668,-0.39000000000000057,-0.9559597100000019,0.0,0.0
669,1.1099999999999994,-0.35338794999999834,0.0,0.0
670,0.8499999999999943,1.0057964699999928,0.0,0.0
671,-1.4399999999999977,0.7702045000000055,0.0,0.0
672,0.7800000000000011,-1.3048170400000032,0.0,0.0
673,-0.15000000000000568,0.7067758999999967,0.0,0.0
674,1.2950000000000017,-0.13591843999999753,0.0,0.0
675,0.3149999999999977,1.173429210000009,0.0,0.0
676,-1.2049999999999983,0.28542872999999247,0.0,0.0
677,-0.5649999999999977,-1.0918781499999994,0.0,0.0
678,-1.8900000000000006,-0.5119594599999999,0.0,0.0
679,0.01999999999999602,-1.7125723700000037,0.0,0.0
680,1.3600000000000136,0.01812246000000073,0.0,0.0
681,-0.8800000000000097,1.2323272100000082,0.0,0.0
682,0.01999999999999602,-0.7973882000000003,0.0,0.0
683,1.2950000000000017,0.01812246000000073,0.0,0.0
684,1.5450000000000017,1.1734292199999885,0.0,0.0
685,1.8400000000000034,1.3999599500000102,0.0,0.0
686,1.0499999999999972,1.667266209999994,0.0,0.0
687,0.6300000000000097,0.9514290999999986,0.0,0.0
688,0.8799999999999955,0.5708574500000054,0.0,0.0
689,-2.3900000000000006,0.7973881899999924,0.0,0.0
690,0.09000000000000341,-2.165633839999998,0.0,0.0
691,0.28999999999999204,0.08155107000000328,0.0,0.0
692,-0.10500000000000398,0.2627756499999947,0.0,0.0
693,-0.9799999999999898,-0.09514290999999275,0.0,0.0
694,-0.5499999999999972,-0.8880004800000023,0.0,0.0
695,-0.10999999999999943,-0.49836761999999624,0.0,0.0
696,0.8849999999999909,-0.09967353000000401,0.0,0.0
697,-0.12000000000000455,0.8019188100000036,0.0,0.0
698,-0.044999999999987494,-0.10873474999999644,0.0,0.0
699,-0.10500000000000398,-0.04077554000001271,0.0,0.0
700,-0.12999999999999545,-0.09514289999999903,0.0,0.0
701,0.9699999999999989,-0.11779598999999052,0.0,0.0
702,0.5049999999999955,0.8789392599999957,0.0,0.0
703,-0.8100000000000023,0.45759209000000567,0.0,0.0
704,-0.394999999999996,-0.733959590000012,0.0,0.0
705,-1.5349999999999966,-0.35791855999998745,0.0,0.0
706,2.3149999999999977,-1.3908987200000098,0.0,0.0
707,0.5300000000000011,2.0976746099999986,0.0,0.0
708,1.009999999999991,0.48024517000000344,0.0,0.0
709,-2.219999999999999,6.172054150000008,0.1589999999999998,0.10000000000000009
710,-0.8799999999999955,-2.149490270000001,-0.008999999999999897,-0.0132000000000001
711,0.37999999999999545,-0.8520502000000079,0.0,0.0
712,-1.2299999999999898,0.36793077000000096,0.0,0.0
713,-0.2150000000000034,-1.1909337999999963,0.0,0.0
714,-1.6950000000000074,-0.20817136000000858,0.0,0.0
715,0.21999999999999886,-1.6411648699999972,0.0,0.0
716,-0.1799999999999926,0.21301255000000197,0.0,0.0
717,-1.25,-0.1742829899999947,0.0,0.0
718,0.539999999999992,-1.21029858,0.0,0.0
719,0.32500000000000284,0.52284899,0.0,0.0
720,0.08500000000000796,0.3146776299999914,0.0,0.0
721,-0.5,0.08230029999999999,0.0,0.0
722,-0.5500000000000114,-0.4841194299999927,0.0,0.0
723,0.980000000000004,-0.532531370000001,0.0,0.0
724,2.930000000000007,0.948874079999996,0.0,0.0
725,-0.9500000000000028,2.836939860000001,0.0,0.0
726,0.45999999999999375,-0.9198269200000055,0.0,0.0
727,-0.25,0.44538988000000757,0.0,0.0
728,-0.0799999999999983,-0.2420597200000003,0.0,0.0
729,-0.06999999999999318,-0.07745909999999867,0.0,0.0
730,0.060000000000002274,-0.06777671999999768,0.0,0.0
731,-1.2050000000000125,0.05809433000000297,0.0,0.0
732,1.2150000000000034,-1.1667278300000135,0.0,0.0
733,-0.40500000000000114,1.1764102200000082,0.0,0.0
734,-0.9549999999999983,-0.392136739999998,0.0,0.0
735,1.1000000000000085,-0.9246681200000069,0.0,0.0
736,0.15499999999998693,1.0650627500000098,0.0,0.0
737,1.9950000000000045,0.1500770299999914,0.0,0.0
738,-0.39000000000000057,1.9316365199999979,0.0,0.0
739,0.09000000000000341,-0.37761315000000195,0.0,0.0
740,-1.4699999999999989,0.0871414900000076,0.0,0.0
741,0.0,-1.4233111200000081,0.0,0.0
742,1.4899999999999949,0.0,0.0,0.0
743,-0.3299999999999983,1.4426759000000118,0.0,0.0
744,-0.29999999999999716,-0.319518819999999,0.0,0.0
745,-0.8200000000000074,-0.29047166000000857,0.0,0.0
746,0.3500000000000085,-0.7939558699999907,0.0,0.0
747,0.730000000000004,0.3388835999999884,0.0,0.0
748,1.1149999999999949,0.7068143700000036,0.020000000000000018,0.0
749,-0.394999999999996,1.079586329999998,0.0,0.0
750,2.2299999999999898,-0.3824543500000033,0.0,0.0
751,3.1400000000000006,2.15917266000001,0.0,0.0
752,0.980000000000004,3.040270019999994,0.0,0.0
753,-0.8799999999999955,0.9488740900000039,0.0,0.0
754,0.030000000000001137,-0.8520502000000079,0.0,0.0
755,-2.210000000000008,0.029047170000012557,0.0,0.0
756,-0.03499999999999659,-2.13980789,0.0,0.0
757,1.144999999999996,-0.033888360000005946,0.0,0.0
758,0.375,1.1086334999999963,0.0,0.0
759,0.26500000000000057,0.36308956999999964,0.0,0.0
760,-0.3299999999999983,0.2565833000000026,0.0,0.0
761,-1.5699999999999932,-0.319518819999999,0.0,0.0
762,0.22999999999998977,-1.520135019999998,0.0,0.0
763,2.0700000000000074,0.22269493999999668,0.0,0.0
764,2.1499999999999915,2.004254439999997,0.0,0.0
765,-0.4199999999999875,2.0817135500000035,0.0,0.0
766,0.0799999999999983,-0.4066603200000003,0.0,0.0
767,1.0899999999999892,0.0774591100000066,0.0,0.0
768,4.1200000000000045,1.055380360000001,0.0,0.0
769,2.9399999999999977,3.989144109999998,0.0,0.0
770,0.480000000000004,2.846622249999996,0.0,0.0
771,-1.3499999999999943,0.46475465000000327,0.0,0.0
772,-1.6000000000000085,-1.3071224600000022,0.0,0.0032000000000000917
773,1.5100000000000051,-1.5491821800000025,0.0,0.0
774,-2.780000000000001,1.4620406800000012,0.0,0.0
775,1.1200000000000045,-2.691704029999997,0.0,0.0
776,1.6999999999999886,1.0844275199999913,0.0,0.0
777,-1.7800000000000011,6.267544200000003,0.20199999999999996,0.06000000000000005
778,-1.1999999999999886,-1.8082815199999942,0.03100000000000014,0.22999999999999976
779,0.12999999999999545,-1.2190661900000066,0.0,0.0
780,-0.0799999999999983,0.13206550000001016,0.0,0.0
781,2.3799999999999955,-0.0812710800000076,0.0,0.0
782,-1.3199999999999932,2.4178146200000015,0.0,0.0
783,-0.8200000000000074,-1.3409728099999967,0.0,0.0
784,-0.14999999999999147,-0.8330285700000104,0.0,0.0
785,-0.5300000000000011,-0.1523832699999872,0.0,0.0
786,0.5699999999999932,-0.5384209099999993,0.0,0.0
787,-0.7599999999999909,0.579056449999996,0.0,0.03000000000000025
788,0.9899999999999949,-0.7720752600000083,0.0,0.0
789,-0.4899999999999949,1.005729610000003,0.0,0.0
790,1.2399999999999949,-0.4977853599999946,0.0,0.0
791,0.14000000000000057,1.2597017300000033,0.0,0.0
792,-4.75,0.14222438999999554,0.0,0.0
793,-4.5,-4.825470359999997,0.0,0.0
794,-3.969999999999999,-4.571498230000003,0.0,0.0
795,0.9099999999999966,-4.033077329999998,0.0,0.0
796,4.189999999999998,0.9244585299999954,0.0,0.0
797,2.5400000000000063,4.256572800000001,0.0,0.0
798,1.2800000000000011,2.5803567800000025,0.0,0.0
799,-1.5799999999999983,1.3003372799999937,0.0,0.0
800,-2.200000000000003,-1.6051038299999902,0.0,0.0
801,2.6599999999999966,-2.2349546900000092,0.0,0.0
802,-1.7399999999999949,2.7022634000000068,0.0,0.0
803,0.10999999999999943,-1.7676459799999975,0.0,0.0
804,1.269999999999996,0.1117477299999905,0.0,0.0
805,0.9099999999999966,1.2901783900000083,0.0,0.0
806,1.5400000000000063,0.9244585399999892,0.0,0.0
807,0.06999999999999318,1.5644682799999998,0.0,0.0
808,0.2600000000000051,0.07111219000000801,0.0,0.0
809,0.5900000000000034,0.26413100999999983,0.0,0.0
810,0.5499999999999972,0.5993742200000014,0.0,0.0
811,0.8900000000000006,0.5587386699999968,0.0,0.0
812,0.060000000000002274,0.9041407600000042,0.0,0.0
813,1.1499999999999915,0.06095331000000215,0.0,0.0
814,-2.5900000000000034,1.1682717699999898,0.0,0.0
815,1.0100000000000051,-2.631151199999991,0.0,0.0
816,0.4399999999999977,1.0260473799999943,0.0,0.0
817,-1.6400000000000006,0.44699092999999834,0.0,0.0
818,-3.5600000000000023,-1.6660571299999987,0.0,0.0
819,-2.539999999999992,-3.6165630400000026,0.0,0.0
820,3.230000000000004,-2.580356789999996,0.0,0.0
821,1.0499999999999972,3.2813198500000027,0.0,0.0
822,1.1199999999999903,1.066682919999991,0.0,0.0
823,1.940000000000012,1.137795109999999,0.0,0.0
824,-1.210000000000008,1.9708236900000031,0.0,0.0
825,-0.3999999999999915,-1.229225079999992,0.0,0.0
826,0.06999999999999318,-0.4063554000000096,0.0,0.0
827,0.769999999999996,0.07111219000000801,0.0,0.0
828,1.0200000000000102,0.7822341399999999,-0.04599999999999982,0.0
829,-0.14000000000000057,1.0362062699999939,0.0,0.0
830,-0.05000000000001137,-0.14222438999999554,0.0,0.0
831,1.8900000000000006,-0.05079442000000256,0.0,0.0
832,1.5800000000000125,1.920029249999999,0.0,0.0
833,0.9299999999999926,1.6051038300000045,0.0,0.0
834,-1.4699999999999989,0.944776289999993,0.0,0.0
835,0.10999999999999943,-1.493356079999998,0.0,0.0
836,2.5600000000000023,0.11174773000000471,0.0,0.0
837,2.519999999999996,2.6006745499999937,0.0,0.0
838,1.5799999999999983,2.5600390000000033,0.0,0.0
839,-0.06999999999999318,1.6051037999999949,0.0,0.0
840,0.5,-0.07111219999998752,0.0,0.0
841,0.6799999999999926,0.5079442999999912,0.0,0.0
842,-2.9099999999999966,0.6908042000000023,0.0,0.0
843,1.3400000000000034,-2.9562355999999994,0.0,0.0
844,-0.730000000000004,1.3612906000000038,0.0,0.0
845,1.3599999999999994,-0.7415986000000032,0.0,0.0
846,4.820000000000007,0.09773799999999255,0.24099999999999966,0.08999999999999986
847,-1.6650000000000063,4.837045800000013,0.19500000000000028,0.0900000000000003
848,-0.605000000000004,-1.6708882000000074,0.0,0.0
849,1.4200000000000017,-0.6071395999999964,0.0,0.0
850,1.1000000000000085,1.4250217999999961,0.0,0.0
851,-0.9900000000000091,1.103890100000001,0.0,0.0
852,-4.069999999999993,-0.9935011000000031,0.0,0.0
853,0.09000000000000341,-4.084393399999996,0.0,0.0
854,1.0899999999999892,0.09031830000000696,0.0,0.0
855,2.6400000000000006,1.0938546999999943,0.0,0.0
856,-1.509999999999991,2.6493363000000016,0.0,0.0
857,1.059999999999988,-1.515340100000003,0.0,0.0
858,-0.36999999999999034,1.063748700000005,0.0,0.0
859,-1.210000000000008,-0.3713084999999978,0.0,0.0
860,-0.3299999999999983,-1.214279200000007,0.0,0.0
861,0.04000000000000625,-0.33116699999999355,0.0,0.0
862,-1.210000000000008,0.04014149999999006,0.0,0.0
863,2.8800000000000097,-1.2142790999999988,0.0,0.0
864,-1.0500000000000114,2.8901850000000024,0.0,0.0
865,-1.6899999999999977,-1.0537132999999983,0.0,0.0
866,1.8000000000000114,-1.6959766000000087,0.0,0.0
867,-0.5700000000000074,1.8063656000000066,0.0,0.0
868,0.8799999999999955,-0.5720158000000026,0.0,0.0
869,-1.8900000000000006,0.8831121000000053,0.0,0.0
870,0.8200000000000074,-1.8966838999999993,0.0,0.0
871,-3.299999999999997,0.8228998999999959,0.0,0.0
872,2.539999999999992,-3.311670399999997,0.0,0.0
873,-0.10999999999999943,2.5489826999999963,0.0,0.0
874,2.240000000000009,-0.11038899999999785,0.0,0.0
875,-0.5700000000000074,2.247921599999998,0.0,0.0
876,-2.1799999999999926,-0.5720158000000026,0.0,0.0
877,0.7299999999999898,-2.1877093999999886,0.0,0.0
878,0.7400000000000091,0.732581599999989,0.0,0.0
879,-0.8800000000000097,0.7426170000000099,0.0,0.0
880,0.39000000000000057,-0.8831121000000053,0.0,0.0
881,0.9100000000000108,0.3913792000000029,0.0,0.0
882,1.3299999999999983,0.9132182000000029,0.0,0.0
883,-1.0400000000000063,1.3347034999999892,0.0,0.0
884,-1.5600000000000023,-1.0436779999999999,0.0,0.0
885,-2.4399999999999977,-1.5655167999999975,0.0,0.0
886,0.5100000000000051,-2.448628999999997,0.0,0.0
887,0.23999999999999488,0.5118035999999933,0.0,0.0
888,-5.049999999999997,0.2408487000000008,0.0,0.0
889,-0.5900000000000034,-5.067859089999999,0.0,0.0
890,0.18000000000000682,-0.5920865199999952,0.0,0.0
891,1.8599999999999994,0.18063657000000433,0.0,0.019999999999999574
892,-3.930000000000007,1.8665778199999892,-0.04600000000000026,0.0
893,2.930000000000007,-3.9438983000000007,0.016999999999999904,0.0
894,-3.4000000000000057,2.9403618400000084,0.0,0.0
895,0.29000000000000625,-3.4120239800000007,0.0,0.0
896,-0.9100000000000108,0.2910255799999959,0.0,0.0
897,-0.18999999999999773,-0.9132181800000012,0.0,0.0
898,3.780000000000001,-0.1906719299999935,0.0,0.0
899,-0.9299999999999926,3.793367829999994,0.0,0.0
900,0.3299999999999983,-0.9332889100000017,0.0,0.0
901,-2.8900000000000006,0.33116703000000314,0.0,0.0
902,14.659999999999997,-24.618640349999993,0.246,0.31000000000000005
903,3.0999999999999943,11.340833029999999,0.29000000000000004,0.15000000000000036
904,2.8800000000000097,2.398129769999997,0.0,0.0
905,-0.480000000000004,2.2279399100000035,0.0,0.0
906,-1.9200000000000017,-0.3713233200000019,0.0,0.0
907,-2.200000000000003,-1.4852932699999997,0.0,0.0
908,-6.420000000000002,-1.70189855000001,0.0,-0.28000000000000025
909,-4.319999999999993,-4.966449389999994,0.0,0.0
910,-0.20999999999999375,-3.341909869999995,0.0,0.0
911,1.4599999999999937,-0.16245394999999974,0.0,0.0
912,0.9099999999999966,1.1294417599999917,0.0,0.0
913,0.10000000000000853,0.7039671200000015,0.0,0.0
914,-0.4000000000000057,0.07735902999999666,0.0,0.0
915,3.5900000000000034,-0.3094360999999992,0.0,0.0
916,-1.730000000000004,2.777188989999999,0.0,0.0
917,1.0999999999999943,-1.338311129999994,0.0,0.0
918,2.5900000000000034,0.850949270000001,0.0,0.0
919,-1.7000000000000028,2.0035987499999948,0.0,0.0
920,1.4200000000000017,-1.3151034299999935,0.0,0.0
921,1.1899999999999977,1.0984981599999912,0.0,0.0
922,-0.14999999999999147,0.9205723900000038,0.0,0.0
923,-1.0,-0.11603853999999103,0.0,0.0
924,2.8999999999999915,-0.7735902400000043,0.0,0.0
925,0.13000000000000966,2.2434117100000037,0.0,0.0
926,-0.37000000000000455,0.10056673999999077,0.0,0.0
927,-1.1899999999999977,-0.2862283899999909,0.0,0.0
928,-2.6599999999999966,-0.9205724000000117,0.0,0.0
929,0.20000000000000284,-2.0577500599999894,0.0,0.0
930,1.5799999999999983,0.1547180499999996,0.0,0.0
931,-0.19000000000001194,1.2222725899999887,0.0,0.0
932,2.0900000000000034,-0.14698213999999155,0.0,0.0
933,0.480000000000004,1.6168036100000052,0.0,0.0
934,0.7800000000000011,0.3713233199999877,0.0,0.0
935,1.5100000000000051,0.6034003999999982,0.0,0.0
936,-1.1600000000000108,1.1681212700000003,0.0,0.0
937,0.4300000000000068,-0.8973646899999892,0.0,0.0
938,0.3999999999999915,0.3326438099999933,0.0,0.0
939,0.4000000000000057,0.3094360999999992,0.0,0.0
940,0.29000000000000625,0.3094360999999992,0.0,0.0
941,0.5099999999999909,0.22434117000000242,0.0,0.0
942,0.6400000000000006,0.3945310200000023,0.0,0.0
943,2.450000000000003,0.49509775999999306,0.0,0.0
944,-1.4399999999999977,1.8952961100000039,0.0,0.0
945,-0.6000000000000085,-1.1139699599999915,0.0,0.0
946,1.960000000000008,-0.4641541400000051,0.0,0.0
947,-3.510000000000005,1.516236879999994,0.0,0.0
948,-0.3299999999999983,-2.7153017699999964,0.0,0.0
949,1.4899999999999949,-0.25528477999999666,0.0,0.0
950,-0.06999999999999318,1.15264947,0.0,0.0
951,-3.010000000000005,-0.054151320000002556,0.010000000000000231,0.0
952,-1.6400000000000006,-2.3285066400000005,0.0,0.0
953,1.6200000000000045,-1.2686880100000053,0.0,0.0
954,-0.09999999999999432,1.2532162000000113,0.0,0.0
955,0.3299999999999983,-0.07735902000000294,0.0,0.0
956,-1.2000000000000028,0.25528477999999666,0.0,0.0
957,0.8100000000000023,-0.9283082999999976,0.0,0.0
958,1.8400000000000034,0.6266080999999986,0.0,0.0
959,0.12999999999999545,1.423406060000005,0.0,0.0
960,1.019999999999996,0.10056672999999705,0.0,0.0
961,-2.8799999999999955,0.7890620499999983,0.0,0.0
962,-0.46000000000000796,-2.2279399100000035,0.0,0.0
963,-1.3399999999999892,-0.35585152000000164,0.0,0.0
964,0.12999999999999545,-1.0366109299999948,0.0,0.0
965,7.840000000000003,-20.53337518,0.28180000000000005,0.43000000000000016
966,0.8499999999999943,4.579318890000003,0.43820000000000014,0.23999999999999977
967,0.9899999999999949,0.49648227000000134,0.0,0.0
968,-1.1399999999999864,0.5782558299999891,0.0,0.0
969,0.6299999999999955,-0.6658703399999979,0.0,0.0
970,-0.25,0.3679809799999987,0.0,0.0
971,1.6799999999999926,-0.14602419999999938,0.0,0.0
972,-0.25,0.9812826200000018,0.0,0.0
973,1.2600000000000051,-0.14602419999999938,0.0,0.0
974,-0.980000000000004,0.7359619599999974,0.0,0.0
975,0.7600000000000051,-0.572414859999995,0.0,0.0
976,-0.46999999999999886,0.44391357000000653,0.0,0.0
977,-1.1400000000000006,-0.27452550000000997,0.0,0.0
978,-1.3200000000000074,-0.6658703499999916,0.0,0.0
979,0.30000000000001137,-0.7710077700000113,0.0,0.0
980,-0.8400000000000034,0.17522904000000494,0.0,0.0
981,0.539999999999992,-0.4906413100000009,0.0,0.0
982,-1.3799999999999955,0.31541226999999594,0.0,0.0
983,1.730000000000004,-0.8060535799999968,0.0,0.0
984,0.18999999999999773,1.0104874600000073,0.0,0.0
985,1.5799999999999983,0.11097838999999965,0.0,0.0
986,-0.09000000000000341,0.9228729399999906,0.0,0.0
987,-0.5699999999999932,-0.05256870999998853,0.0,0.0
988,-0.030000000000001137,-0.3329351800000069,0.0,0.0
989,0.15000000000000568,-0.017522900000003006,0.0,0.0
990,-0.46000000000000796,0.08761452000000247,0.0,0.0
991,0.3200000000000074,-0.2686845300000016,0.0,0.0
992,-1.0300000000000011,0.1869109800000075,0.0,0.0
993,0.6299999999999955,-0.6016197000000005,0.0,0.0
994,0.1700000000000017,0.3679809799999987,0.0,0.0
995,-1.9399999999999977,0.09929646000000503,0.0,0.0
996,-2.6700000000000017,-1.1331477900000095,0.0,0.0
997,0.9899999999999949,-1.559538449999991,0.0,0.0
998,-0.3400000000000034,0.5782558299999891,0.0,0.0
999,-0.20999999999999375,-0.19859291000000212,0.0,0.0
1000,-1.3700000000000045,-0.122660329999988,0.0,0.0
1001,0.3500000000000085,-0.8002126100000027,0.0,0.0
1002,1.009999999999991,0.2044338799999963,0.0,0.0
1003,-0.46999999999999886,0.5899377700000059,0.0,0.0
1004,1.1700000000000017,-0.27452550000000997,0.0,0.0
1005,-3.0,0.6833932500000088,0.0,0.0
1006,-3.1099999999999994,-1.7522903899999989,0.0,0.0
1007,3.730000000000004,-1.8165410300000033,0.0,0.0
1008,1.4599999999999937,2.1786810500000016,0.0,0.0
1009,0.12000000000000455,0.8527813199999912,0.0,0.0
1010,-0.09000000000000341,0.07009161999999947,0.0,0.0
1011,-0.18999999999999773,-0.05256871999999646,0.0,0.0
1012,2.700000000000003,-0.11097838999999965,0.0,0.0
1013,-0.8500000000000085,1.5770613500000081,0.0,0.0
1014,1.3900000000000006,-0.49648227000000134,0.0,0.0
1015,0.6300000000000097,0.8118945399999973,0.0,0.0
1016,0.060000000000002274,0.3679809899999924,0.0,0.0
1017,-1.1500000000000057,0.03504580000000601,0.0,0.0
1018,0.5100000000000051,-0.6717113100000063,0.0,0.0
1019,-0.4300000000000068,0.2978893599999992,0.0,0.0
1020,2.510000000000005,-0.25116161999999065,-0.11000000000000032,0.0
1021,1.2399999999999949,1.4660829599999943,0.0,0.020000000000000018
1022,1.3100000000000023,0.7242800300000027,0.0,0.0
1023,-1.3100000000000023,0.7651668000000029,0.0,0.0
1024,0.39000000000000057,-0.7651668000000029,0.0,0.0
1025,0.6299999999999955,0.22779774999999347,0.0,0.0
1026,-0.4099999999999966,0.3679809800000129,0.0,0.0
1027,2.1200000000000045,-0.23947969000001024,0.0,0.0
1028,1.6599999999999966,-15.836214459999994,0.4299999999999997,0.6100000000000003
1029,-1.0600000000000023,0.7397995699999953,0.24150000000000027,0.17999999999999972
1030,0.37000000000000455,-0.472402129999999,0.0,0.0
1031,-1.2199999999999989,0.16489508000000086,0.0,0.020000000000000018
1032,-0.5799999999999983,-0.543708119999998,0.0,0.0
1033,1.8499999999999943,-0.2584841800000035,0.0,0.0
1034,0.7900000000000063,0.8244754199999988,0.0,0.0
1035,0.10999999999999943,0.35207328999999987,0.0,0.0
1036,-0.20000000000000284,0.04902286000000089,0.0,0.0
1037,-0.18000000000000682,-0.0891324799999964,0.0,0.0
1038,0.020000000000010232,-0.08021923000000442,0.0,0.0
1039,-0.020000000000010232,0.008913250000006201,0.0,0.0
1040,-0.9799999999999898,-0.008913250000006201,0.0,0.0
1041,-0.6000000000000085,-0.4367491399999963,0.0,0.0
1042,1.0700000000000074,-0.2673974300000026,0.0,0.0
1043,-0.46000000000000796,0.4768587500000052,0.0,0.0
1044,-0.3499999999999943,-0.20500470000000348,0.0,0.0
1045,0.5900000000000034,-0.15598183000000176,0.0,0.0
1046,0.21999999999999886,0.26294081000000347,0.0,0.0
1047,-0.8900000000000006,0.09804572000000178,0.0,0.0
1048,0.4099999999999966,-0.3966395200000008,0.0,0.0
1049,1.0699999999999932,0.18272157999999905,0.0,0.0
1050,1.5800000000000125,0.4768587499999981,0.0,0.0
1051,-0.7000000000000028,0.7041465799999997,0.0,0.0
1052,0.28000000000000114,-0.31196366999999725,0.0,0.0
1053,0.04999999999999716,0.12478546999999907,0.0,0.0
1054,0.3400000000000034,0.022283119999997325,0.0,0.0
1055,3.2199999999999847,0.15152521000000263,0.0,0.0
1056,1.3200000000000216,1.435032899999996,0.0,0.0
1057,-0.7800000000000011,0.588274350000006,0.0884999999999998,0.0
1058,-3.170000000000016,-0.3476166599999999,0.0,0.0
1059,1.5900000000000034,-1.4127497800000057,0.0,0.0
1060,-1.480000000000004,0.708603200000006,0.0,0.0
1061,0.5600000000000023,-0.6595803400000051,0.0,0.0
1062,0.5799999999999983,0.24957094000000524,0.0,0.0
1063,0.7199999999999989,0.2584841899999972,0.0,0.0
1064,-0.4199999999999875,0.32087691999999635,0.0,0.0
1065,-0.010000000000019327,-0.187178209999999,0.0,0.0
1066,1.3000000000000114,-0.004456619999999134,0.0,0.0
1067,0.14000000000001478,0.5793611100000007,0.0,0.0
1068,-2.1200000000000188,0.06239272999999912,0.0,0.0
1069,-0.6499999999999915,-0.9448042699999988,0.0,0.0
1070,1.3799999999999955,-0.2896805499999999,0.0,0.0
1071,0.539999999999992,0.6150141000000033,0.0,0.0
1072,-1.1399999999999864,0.24065768999999904,0.0,0.0
1073,0.18000000000000682,-0.5080551200000016,0.0,0.0
1074,0.5,0.08021922999999731,0.0,0.0
1075,-0.5800000000000125,0.22283119000000084,0.0,0.0
1076,0.28000000000000114,-0.2584841899999972,0.0,0.0
1077,0.27000000000001023,0.12478546999999907,0.0,0.0
1078,0.25,0.12032884999999993,0.0,0.0
1079,1.25,0.11141560000000084,0.0,0.0
1080,-1.3600000000000136,0.5570779799999954,0.010000000000000675,0.0
1081,0.17000000000001592,-0.6061008499999971,0.0,0.0
1082,-1.2300000000000182,0.07576260999999818,0.0,0.0
1083,0.060000000000002274,-0.5481647399999972,0.0,0.0
1084,-0.3399999999999892,0.02673973999999646,0.0,0.0
1085,1.029999999999987,-0.15152520999999552,0.0,0.0
1086,1.5400000000000205,0.45903226000000075,0.0,0.0
1087,-0.11000000000001364,0.6863200799999944,0.0,0.0
1088,2.069999999999993,-0.049022859999993784,0.0,0.0
1089,1.210000000000008,0.9225211499999943,0.0,0.0
1090,-0.9900000000000091,0.5392514900000052,0.0,0.0
1091,-1.25,-0.4412057700000034,0.0,0.0
1092,-1.3499999999999943,-0.5570779800000025,0.0,0.0
1093,1.5999999999999943,-0.601644229999998,-0.05000000000000071,0.0
1094,-0.29999999999998295,0.713059819999998,0.0,0.0
1095,-1.490000000000009,-0.13369870999999733,0.0,0.0
1096,-2.3299999999999983,-0.6640369599999971,0.0,0.0
1097,-7.170000000000002,-12.702624150000005,0.3799999999999999,0.2900000000000005
1098,0.75,-2.537755749999995,0.29050000000000065,0.23789999999999978
1099,1.4000000000000057,0.26545561999999734,-0.1305000000000005,-0.10789999999999988
1100,2.069999999999993,0.49551715999999857,0.0,0.0
1101,-1.039999999999992,0.7326575200000036,0.0,0.0
1102,-2.3800000000000097,-0.3680984599999988,0.0,0.0
1103,-1.7800000000000011,-0.8423791800000018,0.0,0.0
1104,-3.9399999999999977,-0.6300146800000022,0.0,0.0
1105,2.1200000000000045,-1.39452687,0.0,0.0
1106,-0.8599999999999994,0.7503545600000052,0.0,0.0
1107,1.4500000000000028,-0.30438911000000246,0.0,0.0
1108,-0.7700000000000102,0.5132142000000002,0.0,0.0
1109,4.75,-0.27253444000000115,0.0,0.0
1110,-0.29999999999999716,1.6812189500000017,0.0,0.0
1111,-0.6299999999999955,-0.10618225000000336,0.0,0.0
1112,-0.46000000000000796,-0.22298272999999824,0.0,0.0
1113,0.030000000000001137,-0.162812780000003,0.0,0.0
1114,0.46000000000000796,0.010618230000005724,0.0,0.0
1115,-2.450000000000003,0.16281277999999588,0.0,0.0
1116,-3.3200000000000074,-0.8671550400000001,0.0,0.0
1117,0.30000000000001137,-1.1750835499999965,0.0,0.0
1118,2.030000000000001,0.10618224999999626,0.0,0.0
1119,-0.12000000000000455,0.7184998800000031,0.0,0.0
1120,0.6400000000000006,-0.042472899999999925,0.0,0.0
1121,0.9599999999999937,0.22652212999999932,0.0,0.0
1122,0.7700000000000102,0.3397831999999994,0.0,0.0
1123,-1.9100000000000108,0.27253444000000115,0.0,0.0
1124,2.5400000000000063,-0.676026990000004,0.0,0.0
1125,-0.10000000000000853,0.8990097100000014,0.0,0.0
1126,0.35999999999999943,-0.03539407999999611,0.0,0.0
1127,-0.6999999999999886,0.12741869999999977,0.0,0.0
1128,-0.6300000000000097,-0.24775858000000284,0.0,0.0
1129,-0.14999999999999147,-0.22298272999999824,0.0,0.0
1130,-0.04999999999999716,-0.05309112000000482,0.0,0.0
1131,-1.6400000000000006,-0.0176970399999945,0.0,0.0
1132,-0.13000000000000966,-0.5804629600000055,0.0,0.0
1133,0.7400000000000091,-0.04601230999999473,0.0,0.0
1134,-1.0900000000000034,0.26191620999999543,0.0,0.0
1135,-0.5700000000000074,-0.3857955000000004,0.0,0.0
1136,-1.2999999999999972,-0.20174627999999473,0.0,0.0
1137,1.8100000000000023,-0.46012307000000163,0.0,0.0
1138,1.8299999999999983,0.6406329,-0.019999999999999574,-0.2400000000000002
1139,1.980000000000004,0.6477117199999967,0.0,0.0
1140,2.739999999999995,0.7008028400000015,-0.040000000000000036,0.0
1141,1.490000000000009,0.9697978800000016,0.0,0.0
1142,-0.5500000000000114,0.5273718299999999,0.019999999999999574,0.0
1143,1.740000000000009,-0.1946674499999972,0.0,0.0
1144,0.5300000000000011,0.6158570399999945,0.0,0.0
1145,1.7199999999999989,0.1875886400000013,0.0,0.0
1146,-0.46999999999999886,0.6087782299999986,0.0,0.0
1147,0.04999999999999716,-0.1663521899999978,0.0,0.0
1148,-0.37000000000000455,0.017697040000001607,0.0,0.0
1149,-0.5099999999999909,-0.13095811000000168,0.0,0.0
1150,1.8900000000000006,-0.1805098199999975,0.0,0.0
1151,0.4399999999999977,0.6689481700000002,0.0,0.0
1152,2.109999999999985,0.15573397,0.0,0.0
1153,1.3000000000000114,0.7468151499999962,0.0,0.0
1154,-0.5999999999999943,0.46012308000000246,0.0,0.0
1155,-1.200000000000017,-0.21236449999999962,0.0,0.0
1156,-0.6599999999999966,-0.42472899999999925,0.010400000000000631,0.0
1157,2.9099999999999966,-0.23360095000000314,0.0,0.0
1158,-2.3899999999999864,-7.98347244,0.0,0.0
1159,0.13999999999998636,-0.6842273600000013,0.8495999999999997,0.7199999999999998
1160,1.0800000000000125,0.04008027000000425,0.0,0.0
1161,-0.21999999999999886,0.30919060000000087,0.0,0.0
1162,2.359999999999985,-0.0629832700000037,0.0,0.0
1163,-0.060000000000002274,0.6756387300000029,0.0,0.0
1164,0.05000000000001137,-0.01717726000000397,0.0,0.0
1165,-0.13999999999998636,0.014314380000001847,0.0,0.0
1166,-0.20000000000001705,-0.040080259999996315,0.0,0.0
1167,-0.4099999999999966,-0.057257520000000284,0.0,0.0
1168,0.4000000000000057,-0.11737792000000269,0.0,0.0
1169,-0.3100000000000023,0.11451504000000057,0.0,0.0
1170,0.18999999999999773,-0.08874914999999817,0.0,0.0
1171,2.4000000000000057,0.05439463999999816,0.0,0.0
1172,-0.7599999999999909,0.6870902300000026,0.0,0.0
1173,0.07999999999998408,-0.21757857000000058,0.0,0.0
1174,0.9699999999999989,0.02290301000000028,0.0,-0.0009999999999994458
1175,-0.8700000000000045,0.2776989699999959,0.0,0.0
1176,1.8799999999999955,-0.2490702099999993,0.0,0.0
1177,-0.6599999999999966,0.538220680000002,0.0,0.0
1178,0.4099999999999966,-0.188949810000004,0.0,0.0
1179,0.25,0.11737791000000186,0.0,0.0
1180,-0.11999999999997613,0.07157190000000213,0.0,0.0
1181,0.4199999999999875,-0.034354510000000005,0.0,-0.48900000000000077
1182,0.5200000000000102,0.12024078999999688,0.0,0.0
1183,0.549999999999983,0.14886955000000057,0.0,0.0
1184,0.8100000000000023,0.157458179999999,0.0,0.0
1185,-0.28000000000000114,0.23189295000000243,0.0,0.0
1186,0.4000000000000057,-0.08016053000000056,0.0,0.0
1187,0.27000000000001023,0.11451504000000057,0.0,0.0
1188,-0.15000000000000568,0.07729764999999844,0.0,0.0
1189,0.09999999999999432,-0.04294312999999761,0.0,0.0
1190,-1.4300000000000068,0.028628749999995762,0.0,0.0
1191,1.0800000000000125,-0.4093912599999996,0.0,0.0
1192,-0.060000000000002274,0.3091906100000017,0.0,0.0
1193,0.8100000000000023,-0.017177259999996863,0.0,0.0
1194,-0.020000000000010232,0.23189294999999532,0.0,0.0
1195,1.4399999999999977,-0.00572574999999631,0.0,0.0
1196,0.8900000000000148,0.4122541400000017,0.0,0.0
1197,-0.2400000000000091,0.2547959599999956,0.0,0.0
1198,-0.3599999999999852,-0.06870902000000001,0.0,0.0
1199,0.22999999999998977,-0.10306354000000084,0.0,0.0
1200,-0.5500000000000114,0.06584614999999872,0.0,0.0
1201,0.12000000000000455,-0.157458179999999,0.0,0.0
1202,-0.6800000000000068,0.03435452000000083,0.0,0.0
1203,-0.38999999999998636,-0.19467557000000113,0.0,0.0
1204,0.2599999999999909,-0.11165215999999845,0.0,0.0
1205,-1.1200000000000045,0.07443477000000343,0.0,0.0
1206,-0.339999999999975,-0.3206421100000014,0.0,0.0
1207,-0.19000000000002615,-0.0973377800000037,0.0,0.0
1208,2.030000000000001,-0.05439463999999816,0.0,0.0
1209,-0.45999999999997954,0.5811638200000004,0.0,0.0
1210,1.3100000000000023,-0.13169229999999743,0.0,0.0
1211,1.5300000000000011,0.3750367600000004,0.0,0.0
1212,-0.12000000000000455,0.4380200199999962,0.0,0.0
1213,1.789999999999992,-0.034354510000000005,0.0,0.0
1214,1.0200000000000102,0.5124548000000004,0.0,0.0
1215,0.06999999999999318,0.29201334999999773,0.0,0.0
1216,1.1399999999999864,0.020040130000005263,0.0,0.0
1217,2.5500000000000114,0.32636785999999773,0.0,0.0
1218,2.210000000000008,0.730033370000001,0.0,0.0
1219,0.3199999999999932,0.6326955899999973,0.0,0.0
1220,-0.9799999999999898,0.09161203000000029,0.0,0.0
1221,-0.950000000000017,-5.1446278299999975,-0.8200000000000003,0.7700000000000005
1222,-0.6099999999999852,-0.24153274999999752,0.5,-0.6399999999999997
1223,0.8199999999999932,-0.1550894500000055,0.0,0.0
1224,-0.5800000000000125,0.20848090000000497,0.0,-0.010000000000000675
1225,-0.18999999999999773,-0.1474621000000056,-0.35999999999999943,0.0
1226,-0.25,-0.048306549999999504,0.0,0.0
1227,0.29000000000002046,-0.06356124999999935,0.0,0.0
1228,-0.14000000000001478,0.07373104999999924,0.0,0.0
1229,-0.4099999999999966,-0.035594299999999635,0.0,0.0
1230,-4.930000000000007,-0.10424044999999893,0.0,0.0
1231,2.8100000000000023,-1.2534278600000022,0.0,0.0
1232,0.4000000000000057,0.7144284600000006,0.0,0.0
1233,0.18000000000000682,0.10169799999999896,0.0,0.0
1234,-0.17000000000001592,0.045764100000006636,0.0,0.0
1235,1.9699999999999989,-0.04322165000000666,0.0,0.0
1236,1.920000000000016,0.500862650000002,0.0,0.03000000000000025
1237,0.1699999999999875,0.4881504000000021,0.0,0.0
1238,0.25,0.043221649999999556,0.0,0.0
1239,-0.9199999999999875,0.06356124999999935,0.0,0.0
1240,0.06999999999999318,-0.2339053999999976,0.0,0.0
1241,2.0800000000000125,0.017797149999999817,0.0,0.0
1242,0.01999999999998181,0.5288296099999954,0.0,0.0
1243,-0.8199999999999932,0.005084899999999948,0.0,0.0
1244,0.3100000000000023,-0.20848089999999786,0.0,0.0
1245,1.5900000000000034,0.07881594999999919,0.0,0.0
1246,-5.110000000000014,0.40424955000000296,0.0,0.0
1247,-1.1599999999999966,-1.2991919600000017,0.5299999999999994,0.0
1248,2.240000000000009,-0.29492419999999697,0.0,0.0
1249,-0.4300000000000068,0.5695087999999942,0.0,0.0
1250,-0.44999999999998863,-0.10932534999999888,0.0,0.0
1251,0.839999999999975,-0.11441024999999883,0.0,0.0
1252,2.230000000000018,0.2135657999999978,-0.45999999999999996,0.3099999999999996
1253,-0.6200000000000045,0.5669663600000021,0.0,0.0
1254,1.6599999999999966,-0.1576319099999992,0.0,0.0
1255,-0.5099999999999909,0.4220467100000036,0.010000000000000675,0.0
1256,1.6699999999999875,-0.12966495000000577,0.0,0.0
1257,-1.4799999999999898,0.42458915000000275,0.0,0.08000000000000007
1258,-3.009999999999991,-0.37628260000000324,0.0,0.0
1259,2.6599999999999966,-0.7652774600000001,0.0,0.0
1260,-2.200000000000017,0.676291710000001,0.0,0.0
1261,-0.060000000000002274,-0.5593390099999951,0.0,0.0
1262,-2.549999999999983,-0.015254699999999843,0.0,0.0
1263,1.9099999999999966,-0.6483247500000004,0.0,0.0
1264,-1.5200000000000102,0.485607949999995,0.0,-0.0699999999999994
1265,2.6200000000000045,-0.38645239999999603,0.0,0.0
1266,2.0600000000000023,0.6661219000000003,0.0,0.0
1267,1.7700000000000102,0.5237447099999955,0.4499999999999993,-0.6200000000000001
1268,3.6299999999999955,0.4500136500000025,0.0,0.0
1269,0.3599999999999852,0.9229093599999985,0.0,0.0
1270,0.710000000000008,0.09152819999999906,-0.5299999999999994,0.0
1271,-0.2400000000000091,0.18051395000000525,0.0,0.0
1272,3.130000000000024,-0.061018799999999374,0.0,0.0
1273,1.2799999999999727,0.7957868499999989,0.0,0.0
1274,0.3900000000000148,0.32543359999999666,0.0,0.0
1275,-0.09999999999999432,0.09915554999999898,0.0,0.0
1276,1.5699999999999932,-0.02542449999999974,0.0,0.0
1277,-0.7199999999999989,0.39916466000000383,0.0,0.0
1278,0.3300000000000125,-0.18305640000000523,0.20999999999999996,0.0
1279,4.829999999999984,-4.959213609999999,0.17999999999999972,0.25
1280,2.009999999999991,1.0809214000000011,0.46999999999999975,0.41999999999999993
1281,-3.1999999999999886,0.44982444000000044,0.0,0.0
1282,0.6100000000000136,-0.7161383999999984,0.0,0.0
1283,-0.5600000000000023,0.13651388000000253,0.0,0.0
1284,-0.710000000000008,-0.1253242200000031,0.0,0.0
1285,1.0300000000000011,-0.15889321000000223,0.0,0.0
1286,2.359999999999985,0.23050704999999994,0.0,0.0
1287,-0.75,0.5281520700000044,0.0,0.0
1288,-0.04999999999998295,-0.16784494000000194,0.0,0.0
1289,-3.780000000000001,-0.011189659999999435,0.0,0.0
1290,0.6800000000000068,-0.8459384900000018,0.0,0.0
1291,2.6699999999999875,0.15217941000000224,0.0,0.0
1292,0.25,0.5975279799999953,0.0,0.0
1293,-1.0,0.05594831000000511,0.0,0.0
1294,-3.0900000000000034,-0.22379324999999994,0.0,0.0
1295,0.5,-0.691521139999999,0.0,0.0
1296,0.37000000000000455,0.111896619999996,0.0,0.0
1297,1.8599999999999852,0.08280350999999797,0.0,0.0
1298,-0.9299999999999784,0.4162554400000005,0.0,0.0
1299,-0.9699999999999989,-0.20812772000000024,0.0,0.0
1300,-1.420000000000016,-0.21707944999999995,0.0,0.0
1301,0.9200000000000159,-0.31778641999999735,0.0,0.0
1302,0.8100000000000023,0.20588979000000052,0.0,0.0
1303,1.8699999999999761,0.1812725300000011,0.0,0.0
1304,2.0500000000000114,0.418493380000001,0.0,0.0
1305,0.05000000000001137,0.45877617000000015,0.0,0.0
1306,-1.3000000000000114,0.011189659999999435,0.0,0.0
1307,1.3700000000000045,-0.2909312300000053,0.0,0.0
1308,1.1200000000000045,0.306596760000005,0.0,0.0
1309,-2.2600000000000193,0.2506484399999991,0.0,0.0
1310,2.5600000000000023,-0.5057727499999984,0.0,0.0
1311,-0.549999999999983,0.5729107199999959,0.0,0.0
1312,0.09000000000000341,-0.12308627999999544,0.0,0.0
1313,-2.0900000000000034,0.02014138999999915,0.0,0.0
1314,0.6799999999999784,-0.46772789999999986,0.0,0.0
1315,-1.6299999999999955,0.15217940999999513,0.0,0.0
1316,2.5100000000000193,-0.3647829899999948,0.0,0.0
1317,-0.35000000000002274,0.5617210599999964,0.0,0.0
1318,-1.0599999999999739,-0.0783276399999977,0.0,0.0
1319,-0.5700000000000216,-0.23722084999999993,0.0,0.0
1320,-7.6699999999999875,-0.12756215000000282,0.0,0.0
1321,1.3400000000000034,-1.7164942399999958,0.0,0.0
1322,3.469999999999999,0.2998829599999979,0.0,0.0
1323,1.049999999999983,0.7765625799999967,0.0,0.0
1324,2.140000000000015,0.23498290999999938,0.0,0.0
1325,-1.4000000000000057,0.4789175600000064,0.0,0.0
1326,0.4900000000000091,-0.3133105500000042,0.0,0.0
1327,-1.5400000000000205,0.10965869000000339,0.0,0.0
1328,2.8200000000000216,-0.34464160000000277,0.0,0.0
1329,0.9899999999999807,0.6310969600000007,0.0,0.0
1330,0.27000000000001023,0.22155532000000022,0.0,0.0
1331,-0.9099999999999966,0.06042417999999827,0.0,0.0
1332,1.1500000000000057,-0.2036518600000008,0.0,0.0
1333,-0.18999999999999773,0.2573622399999991,0.0,0.009999999999999787
1334,1.1899999999999977,-0.042520719999998846,0.0,0.0
1335,0.7800000000000011,0.2663139699999988,0.0,0.0
1336,1.5900000000000034,0.17455874000000193,0.0,0.0
1337,-0.0800000000000125,0.35583127000000303,0.0,0.0
1338,-1.4699999999999989,-0.017903459999999427,0.0,0.0
1339,0.4199999999999875,-0.3289760800000039,0.0,0.0
1340,-3.7099999999999795,0.09399316000000368,0.0,0.0
1341,0.5300000000000011,-0.8302729600000021,0.0,0.0
1342,-1.200000000000017,0.1186104200000031,0.0,0.0
1343,0.030000000000001137,-0.2685519000000056,0.0,0.0
1344,7.25,0.006713799999999992,0.0,0.0
1345,1.990000000000009,1.6225010700000055,0.0,0.0
1346,0.18999999999999773,0.44534857000000017,0.0,0.009999999999999787
1347,2.5999999999999943,0.042520719999998846,0.0,0.0
1348,-3.740000000000009,-4.900891030000004,0.3799999999999999,0.18369999999999997
1349,0.0,-0.7247262899999996,0.1900000000000004,0.09630000000000027
1350,1.25,0.0,0.0,0.0
1351,0.0800000000000125,0.24222135000000122,0.0,0.0
1352,-0.6899999999999977,0.015502169999997761,0.0,0.0
1353,-0.2599999999999909,-0.13370618999999806,0.0,0.0
1354,-0.8400000000000034,-0.05038204000000235,0.0,0.0
1355,0.3100000000000023,-0.16277274999999491,0.0,0.0
1356,-0.700000000000017,0.06007089999999948,0.0,0.0
1357,-0.12000000000000455,-0.135643960000003,0.0,0.0
1358,1.6400000000000148,-0.02325324999999623,0.0,0.0
1359,-0.5900000000000034,0.31779441999999847,0.0,0.0
1360,-0.2599999999999909,-0.11432848000000462,0.0,0.0
1361,3.1200000000000045,-0.05038203999999524,0.0,0.0
1362,-0.9900000000000091,0.6045844900000006,0.0,0.0
1363,1.9099999999999966,-0.19183930999999887,0.0,0.0
1364,0.25,0.37011422999999866,0.0,0.0
1365,-0.6100000000000136,0.0484442699999974,0.0,0.0
1366,-7.289999999999992,-0.1182040200000003,0.0,0.0
1367,2.0500000000000114,-1.4126349299999958,0.0,0.0
1368,-2.0800000000000125,0.39724301999999767,0.0,0.1200000000000001
1369,-3.6299999999999955,-0.4030563299999983,0.0,0.0
1370,1.3600000000000136,-0.7034108100000012,0.0,0.0
1371,3.2299999999999898,0.26353684000000044,0.0,0.0
1372,4.079999999999984,0.625899969999999,0.0,0.0
1373,-1.1399999999999864,0.7906104899999988,0.0,0.0
1374,0.03999999999999204,-0.22090587000000284,0.0,0.0
1375,-2.079999999999984,0.007751080000005572,0.0,0.0
1376,1.3400000000000034,-0.4030563300000054,0.0,0.0
1377,0.08999999999997499,0.25966129000000393,0.0,0.0
1378,1.7900000000000205,0.017439940000002707,0.0,0.0
1379,0.6399999999999864,0.3468609799999953,0.0,0.0
1380,-1.3100000000000023,0.12401733000000092,0.0,0.0
1381,-1.6200000000000045,-0.2538479799999962,0.0,0.0
1382,-0.4399999999999977,-0.31391887000000196,0.0,0.0
1383,-0.25,-0.08526192000000066,0.0,0.0
1384,-1.2099999999999795,-0.0484442699999974,0.0,0.0
1385,1.6299999999999955,-0.23447027000000276,0.0,0.0
1386,0.29999999999998295,0.3158566500000006,0.0,0.0
1387,-1.4599999999999795,0.058133120000000815,0.0,0.0
1388,4.9599999999999795,-0.28291454000000016,0.0,0.0
1389,3.25,0.9611343300000001,0.0,0.0
1390,-0.339999999999975,0.6297755099999947,0.0,0.0
1391,2.519999999999982,-0.06588421000000011,0.0,0.0
1392,1.4300000000000068,0.48831825000000606,0.1200000000000001,0.0
1393,-0.4099999999999966,0.27710122999999953,0.0,0.3799999999999999
1394,-0.030000000000001137,-0.07944861000000003,0.0,0.0
1395,-0.06999999999999318,-0.005813310000000627,0.0,0.0
1396,-8.400000000000006,-0.013564399999999921,0.0,0.0
1397,-0.9800000000000182,-1.6277274800000043,0.0,0.0
1398,-0.789999999999992,-0.18990153999999393,0.0,0.0
1399,2.200000000000017,-0.1530839000000057,0.0,0.0
1400,1.4899999999999807,0.42630958000000163,0.0,0.0
1401,4.0800000000000125,0.2887278600000016,0.0,0.009999999999999787
1402,3.9799999999999898,0.7906104899999988,0.0,0.0
1403,-2.799999999999983,0.7712327799999983,0.0,0.3100000000000005
1404,0.9299999999999784,-0.542575829999997,0.0,0.0
1405,2.5200000000000102,0.18021268999999762,0.0,0.02999999999999936
1406,-4.02000000000001,0.48831824999999895,0.0,0.0
1407,1.1400000000000148,-0.7789838699999976,0.0,-0.009999999999999787
1408,-0.2300000000000182,0.22090587000000284,0.0,0.0
1409,6.200000000000017,-1.5886196400000046,0.08000000000000007,-0.10999999999999943
1410,-2.8100000000000023,1.150194650000003,0.45999999999999996,0.39999999999999947
1411,-9.02000000000001,-0.5212979000000004,0.0,0.0
1412,4.050000000000011,-1.67334769,0.0,0.0
1413,-5.1299999999999955,0.7513368299999996,0.0,0.0
1414,-8.599999999999994,-0.9516933100000031,0.0,0.0
1415,4.530000000000001,-1.5954312799999961,0.0,0.0
1416,0.29999999999998295,0.840384150000002,0.0,0.0
1417,-3.259999999999991,0.055654579999995235,0.0,0.0
1418,6.3700000000000045,-0.6047797700000004,0.0,0.0
1419,0.4399999999999977,1.1817322400000023,0.0,0.0
1420,-2.5999999999999943,0.0816267200000027,0.0,0.0
1421,-1.3500000000000227,-0.48233969000000343,0.0,0.0
1422,1.9000000000000057,-0.2504456099999999,0.0,0.0
1423,1.0800000000000125,0.35247901000000326,0.0,0.0
1424,4.299999999999983,0.2003564799999964,0.0,0.0
1425,1.6400000000000148,0.7977156399999998,0.0,0.0
1426,-3.469999999999999,0.30424502999999703,0.0,0.0
1427,-3.140000000000015,-0.6437379599999957,0.0,0.0
1428,-2.3799999999999955,-0.5825179400000025,0.0,0.0
1429,0.6800000000000068,-0.44152632999999497,0.0,0.0
1430,3.780000000000001,0.12615037999999856,0.0,0.0
1431,-0.6200000000000045,0.7012476999999961,0.0,0.0
1432,3.930000000000007,-0.11501945999999919,0.0,0.0
1433,-1.3700000000000045,0.7290749900000009,0.0,0.0
1434,2.8899999999999864,-0.2541559100000015,0.0,0.0
1435,-0.46999999999999886,0.5361391100000006,0.0,0.0
1436,-2.8799999999999955,-0.08719217000000157,0.0,0.0
1437,2.3100000000000023,-0.5342839599999962,0.0,0.0
1438,-0.3299999999999841,0.42854025999999834,0.0,0.0
1439,1.2299999999999898,-0.06122004000000203,0.0,0.0
1440,-12.530000000000001,0.22818378000000195,0.0,0.0
1441,-4.409999999999997,-2.3245062700000005,0.0,0.0
1442,1.2399999999999807,-0.8181223200000005,1.1500000000000004,0.3700000000000001
1443,-4.5,0.23003893000000275,0.0,0.0
1444,-5.5,-0.8348186900000023,0.0,0.0
1445,0.6700000000000159,-1.0203339599999985,0.0,0.0
1446,-7.840000000000003,0.12429523000000131,0.0,0.0
1447,0.8100000000000023,-1.4544396800000001,0.0,0.0
1448,6.759999999999991,0.1502673599999973,0.0,0.0
1449,-4.400000000000006,1.254083190000003,0.0,0.0
1450,0.7200000000000273,-0.8162671600000024,-0.23000000000000043,0.0
1451,-1.0100000000000193,0.1335709900000026,0.0,0.0
1452,4.240000000000009,-0.1873704200000006,0.0,0.0
1453,-2.140000000000015,0.7865847299999977,0.0,0.0
1454,0.7300000000000182,-0.3970026699999991,0.0,0.0
1455,7.109999999999985,0.13542613999999986,0.0,0.0
1456,1.2800000000000011,1.3190135400000003,0.0,0.0
1457,-2.4499999999999886,0.23745952999999886,0.0,0.0
1458,0.6500000000000057,-0.4545123899999979,0.0,0.0
1459,0.3100000000000023,0.12058491999999887,0.0,0.0
1460,3.829999999999984,0.05750972999999959,0.0,-0.13999999999999968
1461,-2.299999999999983,0.710523460000001,0.0,0.0
1462,1.7399999999999807,-0.42668510000000026,0.0,0.0
1463,-1.8199999999999932,0.32279656000000045,0.0,0.0
1464,-0.4399999999999977,-0.3376377899999987,0.0,-0.20999999999999996
1465,-6.150000000000006,-0.08162671000000188,0.0,0.0
1466,0.0,-1.140918880000001,0.0,0.0
1467,14.469999999999999,-3.189521619999997,-0.9100000000000001,0.5299999999999994
1468,-0.5699999999999932,2.3953935599999987,0.7100000000000009,-0.03329999999999966
1469,-1.5900000000000034,-0.09435897999999909,0.0,0.0
1470,1.8600000000000136,-0.2632118700000028,0.0,0.0
1471,2.2099999999999795,0.30790823000000245,0.0,0.0
1472,-2.049999999999983,0.3658479399999983,0.0,0.0
1473,2.5900000000000034,-0.33936120999999986,0.0,0.0
1474,1.3599999999999852,0.4287539200000019,0.0,0.0
1475,0.9499999999999886,0.22513719999999893,0.0,0.0
1476,3.740000000000009,0.15726495999999912,0.0,0.0
1477,2.8700000000000045,0.6191272900000016,0.0,0.0
1478,1.460000000000008,0.4751057000000003,0.0,0.0
1479,-0.35000000000002274,0.241691399999997,0.0,0.0
1480,-2.319999999999993,-0.0579397199999967,0.0,0.0
1481,-1.1200000000000045,-0.38405757000000307,0.0,0.0
1482,0.5600000000000023,-0.18540709999999905,0.0,0.0
1483,-1.079999999999984,0.09270354999999952,0.0,0.0
1484,1.8100000000000023,-0.17878542000000053,0.0,0.0
1485,-0.6899999999999977,0.2996311200000008,0.0,0.0
1486,3.0999999999999943,-0.1142240199999982,0.0,0.0
1487,-0.9699999999999989,0.5131803799999979,0.0,0.0
1488,-1.0100000000000193,-0.16057580000000016,0.0,0.0
1489,0.8200000000000216,-0.16719746999999785,0.0,0.0
1490,1.9299999999999784,0.1357444799999996,0.0,0.0
1491,4.110000000000014,0.31949617000000075,0.0,0.0
