Adj. Close.L1,P/E (LTM).L1,Close.L1,Close.L2,Close.L3
-0.2646071800000005,-0.5673797100000009,23.29,23.71,23.48
0.2520068399999999,0.540361629999996,23.69,23.29,23.71
-0.2961080300000009,-0.634924919999996,23.22,23.69,23.29
0.0,0.0,23.22,23.22,23.69
0.1732547000000011,0.3714986200000005,23.495,23.22,23.22
0.4126611899999997,0.884842189999997,24.15,23.495,23.22
0.5103138299999994,1.0942323100000024,24.96,24.15,23.495
-0.221214999999999,-0.5808887600000006,24.53,24.96,24.15
-0.2401762900000008,-0.5133435500000019,24.15,24.53,24.96
0.2907397200000012,0.6214158800000007,24.61,24.15,24.53
-0.3413031400000008,-0.7294882099999995,24.07,24.61,24.15
0.0758451400000002,0.1621084900000013,24.19,24.07,24.61
-0.3729052900000003,-0.7970334200000018,23.6,24.19,24.07
-0.0126408599999994,-0.0270180799999977,23.58,23.6,24.19
0.0758451499999992,0.1621084899999978,23.7,23.58,23.6
-0.101126859999999,-0.2161446500000003,23.54,23.7,23.58
-0.2970601500000001,-0.6349249199999996,23.07,23.54,23.7
0.2338558600000002,0.4998345099999994,23.44,23.07,23.54
-0.1074472800000005,-0.2296537,23.27,23.44,23.07
0.1832924299999998,0.3917621900000014,23.56,23.27,23.44
-0.3855461499999997,-0.8240514999999995,22.95,23.56,23.27
-0.1011268600000008,-0.2161446500000003,22.79,22.95,23.56
0.3792257200000009,0.8105424499999998,23.39,22.79,22.95
0.8090148599999996,1.7291572399999993,24.67,23.39,22.79
0.1200881500000008,0.2566717799999978,24.86,24.67,23.39
0.6762858600000001,1.4454673800000035,25.93,24.86,24.67
0.0695247099999996,0.1485994499999989,26.04,25.93,24.86
0.17697201,0.378253149999999,26.32,26.04,25.93
-0.0442430000000015,-0.0945632899999964,26.25,26.32,26.04
0.2022537100000008,0.4322893099999945,26.57,26.25,26.32
-0.8090148599999996,-1.7291572399999993,25.29,26.57,26.25
0.1264085700000006,0.2701808200000002,25.49,25.29,26.57
-0.1516902900000012,-0.3242169799999956,25.25,25.49,25.29
-0.1327289999999994,-0.2836898600000026,25.04,25.25,25.49
-0.2338558600000002,-0.4998345200000003,24.67,25.04,25.25
-0.2907397100000004,-0.6214158800000007,24.21,24.67,25.04
0.0884859999999996,0.1891265699999991,24.35,24.21,24.67
0.8658987200000006,1.8507386100000005,25.72,24.35,24.21
0.0063204299999988,0.0135090400000024,25.73,25.72,24.35
-0.4045074299999989,-0.8645786200000032,25.09,25.73,25.72
0.0511954699999996,0.1094232300000044,25.171,25.09,25.73
0.2585055300000007,0.5525197799999972,25.58,25.171,25.09
-0.6383632900000009,-1.3644131399999964,24.57,25.58,25.171
0.0126408500000003,0.0270180899999985,24.59,24.57,25.58
-0.2464967099999988,-0.526852599999998,24.2,24.59,24.57
0.3476235699999996,0.7429972499999948,24.75,24.2,24.59
-0.0884859999999996,2.796100970000005,24.61,24.75,24.2
0.1959332899999992,0.4563837099999972,24.92,24.61,24.75
0.3665848599999997,0.8538791900000007,25.5,24.92,24.61
-0.1832924299999998,-0.4269396000000043,25.21,25.5,24.92
0.334982720000001,0.7802689200000046,25.74,25.21,25.5
-0.0126408600000011,-0.02944411,25.72,25.74,25.21
-0.1453698599999988,-0.3386072700000042,25.49,25.72,25.74
-0.176972000000001,-0.4122175400000003,25.21,25.49,25.72
0.334982720000001,0.7802689200000046,25.74,25.21,25.49
0.0436109499999979,0.1015821700000003,25.809,25.74,25.21
-0.1573786699999999,-0.3665791600000005,25.56,25.809,25.74
0.094806430000002,0.2208308199999962,25.71,25.56,25.809
0.2654579999999988,0.6183263100000005,26.13,25.71,25.56
-0.1706515700000004,-0.3974954799999963,25.86,26.13,25.71
0.3286622900000004,0.7655468499999998,26.38,25.86,26.13
-0.2464967199999996,-0.5741601400000036,25.99,26.38,25.86
-0.1516902900000012,-0.3533293200000003,25.75,25.99,26.38
0.3792257200000009,0.8833233000000007,26.35,25.75,25.99
-0.0884859999999996,-0.2061087700000001,26.21,26.35,25.75
-0.13904943,-0.3238852100000002,25.99,26.21,26.35
-0.2275354299999996,-0.5299939800000004,25.63,25.99,26.21
0.1011268600000008,0.2355528800000002,25.79,25.63,25.99
-0.13904943,-0.3238852100000002,25.57,25.79,25.63
-0.4866730000000014,-1.133598229999997,24.8,25.57,25.79
-0.1074472899999996,-0.250274939999997,24.63,24.8,25.57
-0.3792257200000009,-0.8833232899999999,24.03,24.63,24.8
0.0821655700000008,0.1913867099999961,24.16,24.03,24.63
0.0379225699999992,0.08833233,24.22,24.16,24.03
0.3602644399999999,0.8391571300000038,24.79,24.22,24.16
-0.240176289999999,-0.5594380800000067,24.41,24.79,24.22
-0.0063204300000005,-0.0147220599999968,24.4,24.41,24.79
0.1327290000000012,0.3091631500000034,24.61,24.4,24.41
0.0183292399999999,0.042693959999994,24.639,24.61,24.4
0.1523223299999987,0.3548015300000031,24.88,24.639,24.61
-0.0063204199999997,-0.0147220599999968,24.87,24.88,24.639
-0.4929934399999993,-1.14832028,24.09,24.87,24.88
-0.2654580000000006,-0.6183263100000005,23.67,24.09,24.87
0.0505634300000004,0.1177764400000001,23.75,23.67,24.09
0.5877998600000005,1.3691511099999971,24.68,23.75,23.67
0.1264085699999988,0.2944411000000002,24.88,24.68,23.75
0.0695247200000004,0.1619426000000032,24.99,24.88,24.68
-0.2148945700000002,-0.5005498700000004,24.65,24.99,24.88
0.4677117099999996,1.0894320699999938,25.39,24.65,24.99
0.3596323900000016,0.8376849300000018,25.959,25.39,24.65
0.0701567599999997,0.163414809999999,26.07,25.959,25.39
0.0,0.0,26.07,26.07,25.959
0.164331139999998,0.3827734300000003,26.33,26.07,26.07
-0.3476235699999996,-0.8097130199999967,25.78,26.33,26.07
-0.0505634300000004,-0.1177764400000001,25.7,25.78,26.33
-0.2780988599999983,-0.6477704200000005,25.26,25.7,25.78
0.3097009999999986,0.7213806899999966,25.75,25.26,25.7
-0.0758451399999984,-0.1766646600000001,25.63,25.75,25.26
0.0063204299999988,0.0147220600000039,25.64,25.63,25.75
0.3223418600000016,0.7508247999999966,26.15,25.64,25.63
0.4613912899999981,1.074710010000004,26.88,26.15,25.64
-0.2401762900000008,-0.5594380900000004,26.5,26.88,26.15
0.5814794300000017,1.354429060000001,27.42,26.5,26.88
0.17697201,0.4122175400000003,27.7,27.42,26.5
-0.1453698599999988,-0.3386072700000042,27.47,27.7,27.42
-0.3539440100000028,-0.8244350699999998,26.91,27.47,27.7
0.2521851100000027,0.5874099900000047,27.309,26.91,27.47
0.0575158999999985,0.133970699999999,27.4,27.309,26.91
-0.082165579999998,-0.1913867200000041,27.27,27.4,27.309
0.15801072,0.3680513800000042,27.52,27.27,27.4
-0.5245955800000033,-1.8339358400000023,26.69,27.52,27.27
0.1264085800000032,0.2898550700000015,26.89,26.69,27.52
-0.5372364400000009,-1.2318840599999987,26.04,26.89,26.69
0.2148945799999992,0.4927536299999957,26.38,26.04,26.89
0.0442430000000015,0.1014492700000033,26.45,26.38,26.04
-0.2844192900000024,-0.6521739100000019,26.0,26.45,26.38
0.5625181500000025,1.2898550700000015,26.89,26.0,26.45
-0.1769720000000028,-0.4057971000000009,26.61,26.89,26.0
-0.0884859999999996,-0.2028985500000004,26.47,26.61,26.89
-0.1516902899999976,-0.3478260899999981,26.23,26.47,26.61
0.1137677099999976,0.260869569999997,26.41,26.23,26.47
-0.1516902800000004,-0.3478260899999981,26.17,26.41,26.23
0.0063204300000023,0.0144927599999959,26.18,26.17,26.41
-0.3286622900000004,-0.753623189999999,25.66,26.18,26.17
-0.0063204299999988,-0.0144927599999959,25.65,25.66,26.18
0.0379225699999992,0.0869565299999948,25.71,25.65,25.66
-0.0821655700000008,-0.1884057999999981,25.58,25.71,25.65
0.0189612799999991,0.0434782600000005,25.61,25.58,25.71
0.0758451499999992,0.1739130400000021,25.73,25.61,25.58
-0.082165579999998,-0.1884057900000044,25.6,25.73,25.61
0.01896129,0.0434782600000005,25.63,25.6,25.73
-0.0568838599999992,-0.1304347899999953,25.54,25.63,25.6
0.1011268599999972,0.2318840599999987,25.7,25.54,25.63
0.5814794300000017,1.333333330000002,26.62,25.7,25.54
-0.1074472799999988,-0.246376810000001,26.45,26.62,25.7
-0.1327290000000012,-0.3043478200000038,26.24,26.45,26.62
-0.0126408600000011,-0.0289855099999982,26.22,26.24,26.45
0.1769719999999992,0.4057971000000009,26.5,26.22,26.24
0.0442430000000015,0.101449279999997,26.57,26.5,26.22
-0.0948064299999984,-0.2173913099999964,26.42,26.57,26.5
0.0568838599999992,0.1304347899999953,26.51,26.42,26.57
0.0063204299999988,0.0144927500000022,26.52,26.51,26.42
0.4677117200000005,1.0724637699999988,27.26,26.52,26.51
0.6573245700000001,1.5072463700000045,28.3,27.26,26.52
0.0821655800000016,0.1884057999999981,28.43,28.3,27.26
-0.0316021500000012,-0.0724637699999988,28.38,28.43,28.3
0.2907397200000012,0.6666666699999979,28.84,28.38,28.43
-0.2970601500000001,-0.6811594200000002,28.37,28.84,28.38
-0.5182751400000001,-1.1884057999999982,27.55,28.37,28.84
0.183292429999998,0.4202898599999969,27.84,27.55,28.37
0.3160214299999992,0.7246376800000007,28.34,27.84,27.55
0.0126408500000003,0.0289855099999982,28.36,28.34,27.84
0.3413031500000016,0.7826086900000035,28.9,28.36,28.34
-0.2528171400000012,-0.5797101400000031,28.5,28.9,28.36
0.6320428599999985,1.4492753600000017,29.5,28.5,28.9
0.2907397100000004,0.6666666600000042,29.96,29.5,28.5
-0.5625181399999981,-1.2898550700000015,29.07,29.96,29.5
0.3349827099999984,0.7681159400000013,29.6,29.07,29.96
-0.7205288599999982,-1.652173910000002,28.46,29.6,29.07
-0.13904943,-0.3188405799999998,28.24,28.46,29.6
-0.0316021400000003,-0.0724637699999988,28.19,28.24,28.46
0.4045074299999989,0.9275362399999948,28.83,28.19,28.24
-0.6510041499999986,-1.4927536299999955,27.8,28.83,28.19
0.4550708599999993,1.0434782600000003,28.52,27.8,28.83
-0.0126408500000003,-0.0289855000000045,28.5,28.52,27.8
0.3665848599999997,0.8405797100000001,29.08,28.5,28.52
0.0695247099999996,0.1594202899999999,29.19,29.08,28.5
-0.0316021400000003,-0.0724637699999988,29.14,29.19,29.08
-0.202253719999998,-0.4637681199999974,28.82,29.14,29.19
0.0758451399999984,0.1739130499999959,28.94,28.82,29.14
-0.0189612799999991,-0.0434782699999942,28.91,28.94,28.82
-0.0821655700000008,-0.1884057900000044,28.78,28.91,28.94
-0.063204289999998,-0.1449275399999976,28.68,28.78,28.91
0.34957378,0.5652173900000008,29.07,28.68,28.78
0.1016941899999999,0.2318840599999987,29.23,29.07,28.68
-0.1906766100000005,-0.4347826099999992,28.93,29.23,29.07
0.2669472500000012,0.6086956500000014,29.35,28.93,29.23
0.0019067599999971,0.0043478300000003,29.353,29.35,28.93
-0.2942775599999976,-0.6710144900000046,28.89,29.353,29.35
0.01271178,-2.8015224999999973,28.91,28.89,29.353
-1.4618539800000008,-3.1081459100000046,26.61,28.91,28.89
0.1906766100000005,0.4054103400000031,26.91,26.61,28.91
0.1843207199999987,0.3918966499999996,27.2,26.91,26.61
-0.2923708000000005,-0.6216291799999993,26.74,27.2,26.91
-0.3940649799999995,-0.8378480299999964,26.12,26.74,27.2
0.0127117699999992,0.0270273599999981,26.14,26.12,26.74
0.3432178900000018,0.7297385999999975,26.68,26.14,26.12
-0.3877091000000021,-0.8243343500000009,26.07,26.68,26.14
0.019067660000001,0.0405410400000008,26.1,26.07,26.68
0.0826265299999988,0.1756778100000033,26.23,26.1,26.07
-0.0826265299999988,-0.1756778100000033,26.1,26.23,26.1
-0.0629232799999996,-0.1337854100000015,26.001,26.1,26.23
-0.12775332,-0.2716249299999944,25.8,26.001,26.1
0.1144059599999991,0.2432461999999944,25.98,25.8,26.001
-0.1843207199999987,-0.3918966499999996,25.69,25.98,25.8
-0.1207618500000009,-0.256759879999997,25.5,25.69,25.98
-0.222456039999999,-0.4729787300000012,25.15,25.5,25.69
0.0,0.0,25.15,25.15,25.5
0.1271177400000009,0.2702735599999997,25.35,25.15,25.15
-0.1588971700000012,-0.3378419499999978,25.1,25.35,25.15
0.00635589,0.0135136799999955,25.11,25.1,25.35
0.3940649799999995,0.8378480300000035,25.73,25.11,25.1
-0.209744269999998,-0.445951370000003,25.4,25.73,25.11
0.0317794399999975,0.0675683900000052,25.45,25.4,25.73
0.1652530600000012,0.3513556199999996,25.71,25.45,25.4
0.0826265299999988,0.1756778099999962,25.84,25.71,25.45
-0.1144059699999999,-0.2432462000000015,25.66,25.84,25.71
0.0063558900000018,0.0135136800000026,25.67,25.66,25.84
0.336862,0.7162249300000028,26.2,25.67,25.66
-0.139829510000002,-0.2973009200000049,25.98,26.2,25.67
0.1652530600000012,0.3513556300000005,26.24,25.98,26.2
0.0889824200000006,0.1891914899999989,26.38,26.24,25.98
0.1334736200000001,0.2837872300000015,26.59,26.38,26.24
0.0127117699999992,0.0270273599999981,26.61,26.59,26.38
0.0254235499999992,0.0540547100000026,26.65,26.61,26.59
0.0572029799999995,0.1216231000000007,26.74,26.65,26.61
0.2033883799999998,0.4324376900000004,27.06,26.74,26.65
-0.0127117699999992,-0.0270273499999973,27.04,27.06,26.74
0.2288119200000018,0.4864923999999959,27.4,27.04,27.06
-0.025423540000002,-0.0540547099999955,27.36,27.4,27.04
-0.1144059699999999,-0.2432462000000015,27.18,27.36,27.4
-0.019067660000001,-0.0405410400000008,27.15,27.18,27.36
-0.0699147499999988,-0.1486504499999981,27.04,27.15,27.18
0.1080500700000008,0.2297325199999988,27.21,27.04,27.15
0.1588971699999994,0.3378419499999978,27.46,27.21,27.04
0.0381353299999993,0.0810820700000007,27.52,27.46,27.21
-0.0953383099999989,-0.2027051700000015,27.37,27.52,27.46
0.0508470999999985,0.1081094199999981,27.45,27.37,27.52
0.4385561899999999,0.932443770000006,28.14,27.45,27.37
0.0635588700000013,0.1351367799999963,28.24,28.14,27.45
-0.019067660000001,-0.0405410299999999,28.21,28.24,28.14
-0.0317794400000011,-0.0675683899999981,28.16,28.21,28.24
-0.3177943399999989,-0.675683890000002,27.66,28.16,28.21
-0.0572029799999995,-0.1216231100000015,27.57,27.66,28.16
-0.0889824200000006,-0.1891914899999989,27.43,27.57,27.66
0.1716089499999995,0.3648693100000031,27.7,27.43,27.57
-0.1016941899999999,-0.2162188500000041,27.54,27.7,27.43
0.1716089400000022,0.3648693000000023,27.81,27.54,27.7
0.1843207199999987,0.3918966600000004,28.1,27.81,27.54
0.1271177399999992,0.2702735599999997,28.3,28.1,27.81
-0.1843207199999987,1.204551170000002,28.01,28.3,28.1
0.2987266800000014,0.6619308100000012,28.48,28.01,28.3
0.2033883799999998,0.4506762999999978,28.8,28.48,28.01
-0.3495737700000028,-0.7745998800000038,28.25,28.8,28.48
-0.3432178899999982,-0.7605162499999949,27.71,28.25,28.8
0.1271177299999983,0.2816726799999998,27.91,27.71,28.25
-0.1652530599999977,-0.3661744899999988,27.65,27.91,27.71
-0.1588971699999994,-0.3520908500000033,27.4,27.65,27.91
-0.0699147500000023,-0.1549199800000025,27.29,27.4,27.65
-0.1779648300000005,-0.3943417599999961,27.01,27.29,27.4
-0.0317794399999975,-0.0704181700000035,26.96,27.01,27.29
0.0762706400000006,0.1690036100000043,27.08,26.96,27.01
-0.1144059600000027,-0.2535054200000033,26.9,27.08,26.96
0.0762706400000006,0.1690036100000043,27.02,26.9,27.08
0.0826265299999988,0.1830872499999998,27.15,27.02,26.9
-0.1271177299999983,-0.2816726900000006,26.95,27.15,27.02
-0.2288119299999991,-0.5070108300000058,26.59,26.95,27.15
0.2542354699999976,0.5633453700000004,26.99,26.59,26.95
-0.1398295099999984,-0.3098399499999971,26.77,26.99,26.59
-0.1970324900000015,-0.4365926600000023,26.46,26.77,26.99
0.0699147599999996,0.1549199700000016,26.57,26.46,26.77
0.025423540000002,0.0563345400000017,26.61,26.57,26.46
0.1716089499999995,0.3802581200000006,26.88,26.61,26.57
-0.1144059699999999,-0.2535054100000025,26.7,26.88,26.61
-0.1271177299999983,-0.2816726900000006,26.5,26.7,26.88
0.0190676599999974,0.042250899999999,26.53,26.5,26.7
0.1080500700000008,0.2394217900000015,26.7,26.53,26.5
-0.1970324900000015,-0.4365926600000023,26.39,26.7,26.53
-0.0127117699999992,-0.0281672699999973,26.37,26.39,26.7
0.0,0.0,26.37,26.37,26.39
-0.01271178,-0.0281672699999973,26.35,26.37,26.37
-0.3305061099999982,-0.7323489800000047,25.83,26.35,26.37
-0.0699147599999996,-0.1549199799999954,25.72,25.83,26.35
-0.2224560400000008,-0.492927200000004,25.37,25.72,25.83
-0.1779648300000005,-0.3943417599999961,25.09,25.37,25.72
0.1843207199999987,0.4084253999999987,25.38,25.09,25.37
-0.1398295099999984,-0.3098399599999979,25.16,25.38,25.09
0.0127117699999992,0.0281672699999973,25.18,25.16,25.38
-0.0317794300000002,-0.0704181700000035,25.13,25.18,25.16
-0.1525412899999985,-0.3380072199999944,24.89,25.13,25.18
-0.1652530500000004,-0.3661744900000059,24.63,24.89,25.13
-0.0826265300000006,-0.1830872499999998,24.5,24.63,24.89
-0.222456039999999,-0.4929271999999969,24.15,24.5,24.63
0.1652530599999995,0.3661744899999988,24.41,24.15,24.5
0.4957591700000012,1.0985234700000035,25.19,24.41,24.15
-0.1016941900000016,-0.2253381400000051,25.03,25.19,24.41
0.1779648299999987,0.3943417600000032,25.31,25.03,25.19
-0.0699147499999988,-0.1549199800000025,25.2,25.31,25.03
-0.1716089499999995,-0.3802581299999943,24.93,25.2,25.31
0.0953382999999998,0.2112545199999971,25.08,24.93,25.2
0.4894032900000002,1.0844398400000017,25.85,25.08,24.93
0.0641944599999995,0.1422446999999991,25.951,25.85,25.08
-0.0959738899999997,-0.2126628800000034,25.8,25.951,25.85
-0.133473630000001,-0.2957563199999953,25.59,25.8,25.951
-0.0699147499999988,-0.1549199700000016,25.48,25.59,25.8
0.0826265299999988,0.1830872399999989,25.61,25.48,25.59
-0.1016941899999999,-0.225338139999998,25.45,25.61,25.48
0.038135320000002,0.0845017999999981,25.51,25.45,25.61
-0.1874986599999992,-0.4154672100000027,25.215,25.51,25.45
-0.0349573800000015,-0.0774599899999941,25.16,25.215,25.51
0.2351678100000001,0.5210944699999942,25.53,25.16,25.215
-0.1271177300000019,-0.2816726900000006,25.33,25.53,25.16
0.0762706400000006,0.1690036200000051,25.45,25.33,25.53
0.3177943400000025,4.721709429999997,25.95,25.45,25.33
1.0105860099999973,2.485458510000001,27.54,25.95,25.45
-0.190676609999997,-0.4689544399999974,27.24,27.54,25.95
-0.0127117700000027,-0.031263630000005,27.22,27.24,27.54
-0.4194885299999988,-1.0316997499999945,26.56,27.22,27.24
-0.0508470999999985,-0.1250545200000061,26.48,26.56,27.22
-0.2224560400000008,-0.5471135099999955,26.13,26.48,26.56
0.1398295099999984,0.3438999199999983,26.35,26.13,26.48
-0.0127117699999992,-0.0312636299999979,26.33,26.35,26.13
-0.019067660000001,-0.0468954400000001,26.3,26.33,26.35
-0.1144059599999991,-0.2813726600000024,26.12,26.3,26.33
-0.2161001599999998,-0.5314816899999997,25.78,26.12,26.3
0.0953383099999989,0.2344772100000014,25.93,25.78,26.12
0.0063558800000009,0.0156318199999958,25.94,25.93,25.78
0.0,0.0,25.94,25.94,25.93
0.1016941899999999,0.2501090300000044,26.1,25.94,25.94
-0.1525412800000012,-0.3751635500000034,25.86,26.1,25.94
-0.2033883799999998,-0.5002180599999946,25.54,25.86,26.1
0.1843207200000023,0.4533226199999944,25.83,25.54,25.86
-0.133473630000001,-0.3282681099999962,25.62,25.83,25.54
0.0699147599999996,0.1719499599999991,25.73,25.62,25.83
0.1016941899999999,0.2501090399999981,25.89,25.73,25.62
-0.0826265299999988,-0.2032135899999971,25.76,25.89,25.73
0.216100149999999,0.5314816899999997,26.1,25.76,25.89
0.0254235499999992,0.0625272599999959,26.14,26.1,25.76
0.0317794300000002,0.0781590700000052,26.19,26.14,26.1
0.0254235499999992,0.0625272599999959,26.23,26.19,26.14
-0.076270639999997,-0.187581779999995,26.11,26.23,26.19
0.0127117699999992,0.0312636299999979,26.13,26.11,26.23
-0.1525412800000012,-0.3751635400000026,25.89,26.13,26.11
0.038135320000002,0.0937908800000002,25.95,25.89,26.13
0.3050825699999997,0.7503270999999998,26.43,25.95,25.89
0.1080500799999981,0.2657408399999994,26.6,26.43,25.95
-0.0826265299999988,-0.2032135799999963,26.47,26.6,26.43
0.1906765999999997,0.4689544299999966,26.77,26.47,26.6
0.0826265299999988,0.2032135900000042,26.9,26.77,26.47
0.3209722900000002,0.7894066299999949,27.405,26.9,26.77
-0.054025039999999,-0.1328704199999961,27.32,27.405,26.9
0.2853793200000005,0.7018684700000009,27.769,27.32,27.405
0.3692770199999984,0.9082084200000012,28.35,27.769,27.32
0.0,0.0,28.35,28.35,27.769
-0.0381353199999985,-0.093790890000001,28.29,28.35,28.35
0.0063558899999982,0.0156318199999958,28.3,28.29,28.35
0.0572029799999995,0.1406863300000012,28.39,28.3,28.29
0.1144059600000027,0.2813726600000024,28.57,28.39,28.3
-0.1843207100000015,-0.4533226200000015,28.28,28.57,28.39
0.139829510000002,0.3438999199999983,28.5,28.28,28.57
0.0381353199999985,0.093790890000001,28.56,28.5,28.28
0.0444912100000003,0.1094227000000032,28.63,28.56,28.5
-0.0381353299999993,-0.093790890000001,28.57,28.63,28.56
-0.3495737700000028,-0.859749800000003,28.02,28.57,28.63
0.0508470900000013,0.125054519999999,28.1,28.02,28.57
-0.2923707899999996,-0.7190634699999947,27.64,28.1,28.02
0.1398295099999984,0.3438999199999983,27.86,27.64,28.1
0.019067660000001,0.0468954400000001,27.89,27.86,27.64
-0.1843207199999987,-0.4533226200000015,27.6,27.89,27.86
0.336862,0.8284861699999979,28.13,27.6,27.89
-0.1652530500000004,-0.4064271700000006,27.87,28.13,27.6
-0.2478795900000001,-0.6096407699999986,27.48,27.87,28.13
0.2987266800000014,0.734695280000004,27.95,27.48,27.87
0.2351678100000001,0.5783771400000006,28.32,27.95,27.48
0.3432178899999982,0.84411798,28.86,28.32,27.95
0.0889824200000006,-6.446749960000005,29.0,28.86,28.32
-0.6165210300000012,-1.293333339999997,28.03,29.0,28.86
0.4004208800000022,0.8399999999999963,28.66,28.03,29.0
-0.139829510000002,-0.2933333299999958,28.44,28.66,28.03
0.0889824099999998,0.186666670000001,28.58,28.44,28.66
-0.0635588699999978,-0.13333334,28.48,28.58,28.44
0.0063558899999982,0.0133333399999955,28.49,28.48,28.58
0.019067660000001,0.0399999999999991,28.52,28.49,28.48
-0.2860149100000022,-0.5999999999999943,28.07,28.52,28.49
-0.0063558799999974,-0.0133333400000026,28.06,28.07,28.52
-0.3368620100000008,-0.7066666600000033,27.53,28.06,28.07
-0.2478795799999993,-0.519999999999996,27.14,27.53,28.06
0.0254235399999984,0.0533333300000009,27.18,27.14,27.53
0.3432178900000018,0.7199999999999989,27.72,27.18,27.14
-0.1970324900000015,-0.4133333300000004,27.41,27.72,27.18
-0.336862,-0.706666669999997,26.88,27.41,27.72
0.0889824099999998,0.1866666699999939,27.02,26.88,27.41
0.0444912100000003,0.0933333300000001,27.09,27.02,26.88
-0.0254235499999992,-0.0533333300000009,27.05,27.09,27.02
0.2605913599999994,0.5466666600000067,27.46,27.05,27.09
-0.216100149999999,-0.4533333300000066,27.12,27.46,27.05
0.0508470999999985,0.1066666700000027,27.2,27.12,27.46
0.0764956199999993,0.0533333300000009,27.24,27.2,27.12
0.0,0.0,27.24,27.24,27.2
0.1976137100000023,0.4133333300000004,27.55,27.24,27.24
-0.070120990000003,-0.146666660000001,27.44,27.55,27.24
0.0127492700000004,0.0266666600000036,27.46,27.44,27.55
-0.1019941699999975,-0.2133333300000046,27.3,27.46,27.44
0.0,0.0,27.3,27.3,27.46
0.057371719999999,0.1200000000000045,27.39,27.3,27.3
0.1466166199999996,0.3066666699999985,27.62,27.39,27.3
-0.3251064200000009,-0.6799999999999997,27.11,27.62,27.39
0.1593658900000001,0.333333329999995,27.36,27.11,27.62
-0.0637463499999988,-0.1333333299999992,27.26,27.36,27.11
0.0127492700000004,0.0266666600000036,27.28,27.26,27.36
0.1338673499999991,0.2800000000000011,27.49,27.28,27.26
-0.1529912600000003,-0.3200000000000003,27.25,27.49,27.28
0.1211180799999986,0.2533333399999975,27.44,27.25,27.49
-0.1593658999999974,-0.3333333400000029,27.19,27.44,27.25
0.0446224599999993,0.0933333400000009,27.26,27.19,27.44
0.1593658900000001,0.3333333300000021,27.51,27.26,27.19
0.0,0.0,27.51,27.51,27.26
-0.1593658900000001,-0.3333333300000021,27.26,27.51,27.51
-0.0892449100000014,-0.186666670000001,27.12,27.26,27.51
0.1466166300000004,0.3066666700000056,27.35,27.12,27.26
-0.0382478199999987,-0.0800000000000054,27.29,27.35,27.12
-0.0637463599999996,-0.13333334,27.19,27.29,27.35
0.0509970899999991,0.1066666700000027,27.27,27.19,27.29
0.1976137099999988,0.4133333300000004,27.58,27.27,27.19
0.044622450000002,0.0933333400000009,27.65,27.58,27.27
0.3824781500000007,0.7999999999999972,28.25,27.65,27.58
-0.0828702700000008,-0.1733333399999992,28.12,28.25,27.65
0.1657405300000007,0.3466666700000047,28.38,28.12,28.25
0.0956195399999977,0.1999999999999957,28.53,28.38,28.12
-0.2294868900000004,-0.4799999999999969,28.17,28.53,28.38
-0.114743439999998,-0.240000000000002,27.99,28.17,28.53
0.0446224499999985,0.0933333300000001,28.06,27.99,28.17
-0.0191239100000011,-0.0399999999999991,28.03,28.06,27.99
0.0,0.0,28.03,28.03,28.06
-0.1466166199999996,-0.3066666600000047,27.8,28.03,28.03
0.1211180800000022,0.2533333300000038,27.99,27.8,28.03
0.2677346999999983,0.5600000000000023,28.41,27.99,27.8
-0.1466166199999996,-0.3066666700000056,28.18,28.41,27.99
0.3308435900000006,0.6920000000000002,28.699,28.18,28.41
-0.0886074299999997,0.3213353500000053,28.56,28.699,28.18
-0.5227201400000006,-1.1078805400000036,27.74,28.56,28.699
-0.0701209899999995,-0.1486181200000018,27.63,27.74,28.56
0.1721151699999978,0.3647899300000006,27.9,27.63,27.74
0.1593658900000001,0.3377684599999995,28.15,27.9,27.63
-0.089244899999997,-0.1891503299999968,28.01,28.15,27.9
-0.0254985400000009,-0.0540429600000038,27.97,28.01,28.15
0.0701209899999995,0.1486181200000018,28.08,27.97,28.01
0.1019941700000011,0.2161718199999995,28.24,28.08,27.97
0.1466166199999996,0.3107469800000046,28.47,28.24,28.08
0.3378556999999986,0.716069129999994,29.0,28.47,28.24
0.1976137099999988,0.4188328900000044,29.31,29.0,28.47
-0.0191239099999975,-0.0405322200000028,29.28,29.31,29.0
0.3123571599999977,0.6620261800000051,29.77,29.28,29.31
-0.0254985499999982,-0.054042950000003,29.73,29.77,29.28
0.1593659000000009,0.3377684599999995,29.98,29.73,29.77
-0.0063746400000006,-0.0135107400000009,29.97,29.98,29.73
0.3552395600000011,-3.48577049,27.39,29.97,29.98
-0.1918293599999998,-0.3647899400000014,27.12,27.39,29.97
0.0355239499999981,0.0675537000000048,27.17,27.12,27.39
-0.0710479100000007,-0.1351073900000017,27.07,27.17,27.12
-0.1492006099999976,-0.2837255000000027,26.86,27.07,27.17
-0.149200620000002,-0.2837255099999964,26.65,26.86,27.07
-0.08525749,-0.1621288600000028,26.53,26.65,26.86
0.0781527000000004,0.1486181200000018,26.64,26.53,26.65
-0.0284191599999985,-0.054042950000003,26.6,26.64,26.53
0.120781449999999,0.2296825499999997,26.77,26.6,26.64
0.0284191599999985,0.0540429600000038,26.81,26.77,26.6
0.3126108100000024,0.5944724800000003,27.25,26.81,26.77
-0.1136766600000029,-0.2161718099999987,27.09,27.25,26.81
0.0994670800000001,0.1891503399999976,27.23,27.09,27.25
0.0710479100000007,0.1351073800000009,27.33,27.23,27.09
-0.1847245700000002,-0.3512792000000004,27.07,27.33,27.23
0.2060389499999999,0.3918114100000025,27.36,27.07,27.33
-0.0923622900000005,-0.1756395900000029,27.23,27.36,27.07
-0.1065718699999997,-0.2026610799999986,27.08,27.23,27.36
0.1207814500000026,0.2296825499999997,27.25,27.08,27.23
-0.0142095800000028,-0.0270214700000011,27.23,27.25,27.08
-0.08525749,-0.1621288600000028,27.11,27.23,27.25
0.0355239500000017,0.067553690000004,27.16,27.11,27.23
-0.1420958200000015,-0.2702147700000026,26.96,27.16,27.11
-0.0071047899999996,-0.0135107400000009,26.95,26.96,27.16
0.08525749,0.1621288600000028,27.07,26.95,26.96
-0.0710479100000007,-0.1351073800000009,26.97,27.07,26.95
0.0284191700000029,0.054042950000003,27.01,26.97,27.07
-0.1136766600000029,-0.2161718100000058,26.85,27.01,26.97
0.0710479100000007,0.1351073800000009,26.95,26.85,27.01
-0.035523959999999,-0.0675536899999968,26.9,26.95,26.85
-0.0994670699999993,-0.1891503399999976,26.76,26.9,26.95
-0.0284191699999993,-0.054042950000003,26.72,26.76,26.9
0.0142095799999992,0.0270214800000019,26.74,26.72,26.76
0.071047919999998,0.1351073800000009,26.84,26.74,26.72
-0.0426287499999986,-0.0810644300000049,26.78,26.84,26.74
-0.0213143799999997,-0.0405322099999949,26.75,26.78,26.84
-0.0568383200000006,-0.1080859099999997,26.67,26.75,26.78
0.0923622799999996,0.1756395999999966,26.8,26.67,26.75
-0.0497335399999983,-0.0945751699999988,26.73,26.8,26.67
0.035523959999999,0.0675536899999968,26.78,26.73,26.8
-0.3623443500000007,-0.6890476499999991,26.27,26.78,26.73
-0.1065718699999997,-0.2026610799999986,26.12,26.27,26.78
0.1420958299999988,0.2702147700000026,26.32,26.12,26.27
-0.2415628999999981,-0.4593651100000002,25.98,26.32,26.12
-0.0852575000000008,-0.1621288600000028,25.86,25.98,26.32
-0.1492006099999976,-0.2837255000000027,25.65,25.86,25.98
0.0142095799999992,0.0270214800000019,25.67,25.65,25.86
0.2486676899999977,0.4728758400000004,26.02,25.67,25.65
-0.0071047899999996,-0.0135107400000009,26.01,26.02,25.67
0.0710479100000007,-6.774839759999999,26.11,26.01,26.02
0.0497335400000018,0.0760498399999995,26.18,26.11,26.01
0.0710479099999972,0.108642630000002,26.28,26.18,26.11
0.0781527000000004,0.1195068999999975,26.39,26.28,26.18
0.0497335400000018,0.0760498400000031,26.46,26.39,26.28
-0.1989341499999994,-0.3041993700000027,26.18,26.46,26.39
0.0994670799999966,0.15209969,26.32,26.18,26.46
-0.1136766599999994,-0.1738282099999999,26.16,26.32,26.18
0.0568383300000014,0.0869141000000013,26.24,26.16,26.32
-0.120781449999999,-0.1846924700000016,26.07,26.24,26.16
-0.0071047899999996,-0.0108642599999981,26.06,26.07,26.24
-0.0639431300000019,-0.0977783700000003,25.97,26.06,26.07
0.0284191699999993,0.0434570500000006,26.01,25.97,26.06
0.0,-0.0869141000000013,25.93,26.01,25.97
-0.0997739600000002,-0.1520996799999991,25.79,25.93,26.01
-0.0997739499999994,-0.1520996799999991,25.65,25.79,25.93
-0.1211540900000009,-0.1846924800000025,25.48,25.65,25.79
-0.178167779999999,-0.2716065699999994,25.23,25.48,25.65
-0.0213801300000007,-0.0325927899999989,25.2,25.23,25.48
0.1211540900000009,0.1846924700000016,25.37,25.2,25.23
-0.0855205300000001,-0.130371150000002,25.25,25.37,25.2
-0.0641403999999994,-0.0977783700000003,25.16,25.25,25.37
0.0855205300000001,0.1303711599999992,25.28,25.16,25.25
-0.0142534199999992,-0.0217285299999971,25.26,25.28,25.16
-0.0641403999999994,-0.0977783700000003,25.17,25.26,25.28
0.0,0.0,25.17,25.17,25.26
0.213801329999999,0.3259278899999991,25.47,25.17,25.17
-0.0498869800000001,-0.0760498399999995,25.4,25.47,25.17
-0.0641403999999994,-0.0977783700000003,25.31,25.4,25.47
0.0855205399999974,0.1303711599999992,25.43,25.31,25.4
-0.2423081799999984,-0.3693849399999998,25.09,25.43,25.31
0.0142534199999992,0.0217285199999999,25.11,25.09,25.43
-0.1425342199999981,-0.2172852600000006,24.91,25.11,25.09
-0.1995479099999997,-0.3041993599999983,24.63,24.91,25.11
-0.0641404000000029,-0.0977783700000003,24.54,24.63,24.91
-0.1639143499999988,-0.2498780399999987,24.31,24.54,24.63
-0.0783938299999995,-0.119506900000001,24.2,24.31,24.54
-0.1496609299999995,-0.2281495200000023,23.99,24.2,24.31
0.1354075100000003,0.2064210000000024,24.18,23.99,24.2
0.0712671100000008,0.1086426299999985,24.28,24.18,23.99
-0.0570136900000015,-0.0869141099999986,24.2,24.28,24.18
-0.1995479099999997,-0.3041993600000019,23.92,24.2,24.28
0.1710410700000011,0.2607423100000012,24.16,23.92,24.2
0.0071267099999978,0.0108642600000017,24.17,24.16,23.92
-0.03563355,-0.0543213100000024,24.12,24.17,24.16
0.0783938200000022,0.1195068900000002,24.23,24.12,24.17
0.1710410600000003,0.2607423100000012,24.47,24.23,24.12
0.1425342199999981,0.2172852600000006,24.67,24.47,24.23
0.3064485800000014,0.4671633100000001,25.1,24.67,24.47
-0.1140273799999995,-0.1738282099999999,24.94,25.1,24.67
0.0213801399999979,0.0325927899999989,24.97,24.94,25.1
0.249434879999999,0.3802492099999988,25.32,24.97,24.94
-0.1995479099999997,-0.3041993699999992,25.04,25.32,24.97
-0.1425342199999981,-0.2172852600000006,24.84,25.04,25.32
-0.2708150200000006,-0.4128419900000004,24.46,24.84,25.04
0.1354075100000003,0.2064210000000024,24.65,24.46,24.84
-0.0142534199999992,-0.0217285300000007,24.63,24.65,24.46
-0.2209280400000004,-0.3367921500000008,24.32,24.63,24.65
0.6841642599999993,1.0429692499999987,25.28,24.32,24.63
-0.213801329999999,-0.3259278899999991,24.98,25.28,24.32
0.0071267099999978,0.0108642600000017,24.99,24.98,25.28
-0.1639143599999997,-0.2498780499999995,24.76,24.99,24.98
0.1639143599999997,0.2498780499999995,24.99,24.76,24.99
-0.3848424000000001,-3.4154316700000003,24.45,24.99,24.76
0.6057704400000006,0.8251209499999987,25.3,24.45,24.99
-0.0498869800000001,-0.0679511300000008,25.23,25.3,24.45
0.0926472500000024,0.1261949700000002,25.36,25.23,25.3
-0.1069006700000017,-0.1456095799999985,25.21,25.36,25.23
0.0142534199999992,0.0194146099999983,25.23,25.21,25.36
-0.0071267099999978,-0.0097073099999995,25.22,25.23,25.21
-0.0783938200000022,-0.1067803599999983,25.11,25.22,25.23
-0.1496609299999995,-0.2038534100000006,24.9,25.11,25.22
0.0071267100000014,0.0097073099999995,24.91,24.9,25.11
0.0641403999999994,0.0873657399999991,25.0,24.91,24.9
0.213801329999999,0.2912191600000007,25.3,25.0,24.91
0.1930315799999995,0.1844388099999996,25.49,25.3,25.0
-0.0214479599999997,-0.0291219199999979,25.46,25.49,25.3
0.1715836300000006,0.2329753299999986,25.7,25.46,25.49
0.15728498,0.2135607099999994,25.92,25.7,25.46
-0.1286877100000012,-0.1747314899999992,25.74,25.92,25.7
0.07864249,0.1067803599999983,25.85,25.74,25.92
-0.0714931700000001,-0.0970730599999996,25.75,25.85,25.74
-0.0285972699999987,-0.0388292200000002,25.71,25.75,25.85
0.1358370300000011,0.1844388000000023,25.9,25.71,25.75
0.1215383999999986,0.1650241900000004,26.07,25.9,25.71
-0.1930315799999995,-0.2620972400000028,25.8,26.07,25.9
0.0285972699999987,0.0388292200000002,25.84,25.8,26.07
-0.0357465799999978,-0.0485365199999989,25.79,25.84,25.8
-0.2573754400000005,-0.3494630000000001,25.43,25.79,25.84
-0.0428959000000013,-0.0582438299999985,25.37,25.43,25.79
0.1000904400000024,0.1359022799999998,25.51,25.37,25.43
-0.07864249,-0.1067803600000019,25.4,25.51,25.37
0.07864249,0.1067803600000019,25.51,25.4,25.51
-0.0571945400000011,-0.0776584500000012,25.43,25.51,25.4
-0.0857918099999999,-0.1164876600000006,25.31,25.43,25.51
0.0357465899999986,0.0485365299999998,25.36,25.31,25.43
-0.0714931800000009,-0.0970730599999996,25.26,25.36,25.31
-0.15728498,-0.2135607099999994,25.04,25.26,25.36
0.0,0.0,25.04,25.04,25.26
0.0500452200000012,0.0679511300000008,25.11,25.04,25.04
0.0285972699999987,0.0388292200000002,25.15,25.11,25.04
-0.0571945399999975,-0.0776584400000004,25.07,25.15,25.11
0.1715836199999998,0.2329753299999986,25.31,25.07,25.15
-0.1930315700000022,-0.2620972399999992,25.04,25.31,25.07
0.0071493100000026,0.0097072999999987,25.05,25.04,25.31
0.0142986399999998,0.0194146100000018,25.07,25.05,25.04
0.0142986299999989,0.0194146099999983,25.09,25.07,25.05
-0.1787329399999997,-0.2426826299999973,24.84,25.09,25.07
-0.0929411299999998,-0.1261949700000002,24.71,24.84,25.09
0.1930315799999995,0.2620972399999992,24.98,24.71,24.84
-0.2001808899999986,-0.2718045500000023,24.7,24.98,24.71
-0.0357465900000022,-0.0485365199999989,24.65,24.7,24.98
0.3145699700000008,0.4271214299999997,25.09,24.65,24.7
0.1429863600000018,0.1941461100000019,25.29,25.09,24.65
0.2287781599999974,0.310633769999999,25.61,25.29,25.09
0.0357465900000022,0.0485365299999998,25.66,25.61,25.29
0.2216288399999975,0.3009264599999994,25.97,25.66,25.61
-0.1286877099999976,-0.1747314899999992,25.79,25.97,25.66
-0.1715836300000006,-0.2329753299999986,25.55,25.79,25.97
0.4361083800000003,0.5921456200000002,26.16,25.55,25.79
0.0214479499999988,0.0291219199999979,26.19,26.16,25.55
0.1787329399999997,-1.8162898,26.44,26.19,26.16
-0.5433481399999991,-0.6785714299999981,25.68,26.44,26.19
0.0071493199999999,0.0089285699999983,25.69,25.68,26.44
-0.1072397599999988,-0.1339285699999983,25.54,25.69,25.68
0.1286877099999976,0.160714279999997,25.72,25.54,25.69
0.0214479599999997,0.026785720000003,25.75,25.72,25.54
-0.1000904499999997,-0.125,25.61,25.75,25.72
0.221628840000001,0.2767857099999986,25.92,25.61,25.75
0.6362892699999989,0.7946428599999997,26.81,25.92,25.61
0.3145699800000017,0.3928571400000002,27.25,26.81,25.92
0.0500452199999976,0.0625,27.32,27.25,26.81
0.3145699700000008,0.3928571500000011,27.76,27.32,27.25
-0.4504069999999984,-0.5625,27.13,27.76,27.32
0.15728498,0.1964285699999983,27.35,27.13,27.76
-0.2859727000000021,-0.3571428599999997,26.95,27.35,27.13
0.2287781600000009,0.2857142900000013,27.27,26.95,27.35
-0.1572849900000008,-0.1964285800000027,27.05,27.27,26.95
0.1147283899999997,0.0714285800000027,27.13,27.05,27.27
-0.2796504499999983,-0.3482142900000013,26.74,27.13,27.05
0.1505810099999998,0.1875,26.95,26.74,27.13
-0.0932168100000012,-0.1160714300000016,26.82,26.95,26.74
-0.07170524,-0.0892857099999986,26.72,26.82,26.95
0.136239960000001,0.1696428499999989,26.91,26.72,26.82
-0.028682100000001,-0.0357142799999969,26.87,26.91,26.72
-0.0430231499999997,-0.0535714300000016,26.81,26.87,26.91
0.1577515399999995,0.1964285699999983,27.03,26.81,26.87
-0.0430231499999997,-0.053571429999998,26.97,27.03,26.81
0.1290694400000021,0.1607142900000013,27.15,26.97,27.03
0.0215115699999977,0.0267857099999986,27.18,27.15,26.97
0.1434104900000008,0.1785714299999981,27.38,27.18,27.15
-0.1290694399999985,-0.160714279999997,27.2,27.38,27.18
-0.1290694300000012,-0.1607142900000013,27.02,27.2,27.38
-0.0143410499999987,-0.0178571400000002,27.0,27.02,27.2
-0.1075578700000008,-0.1339285699999983,26.85,27.0,27.02
-0.172092580000001,-0.214285720000003,26.61,26.85,27.0
-0.0215115799999985,-0.0267857099999986,26.58,26.61,26.85
0.0215115799999985,0.0267857099999986,26.61,26.58,26.61
-0.0932168199999985,-0.116071429999998,26.48,26.61,26.58
-0.1218989099999987,-0.1517857099999986,26.31,26.48,26.61
-0.028682100000001,-0.0357142900000013,26.27,26.31,26.48
-0.1434104900000008,-0.1785714300000016,26.07,26.27,26.31
-0.0501936699999987,-0.0625,26.0,26.07,26.27
-0.1147283899999997,-0.1428571400000002,25.84,26.0,26.07
-0.2509683500000008,-0.3125,25.49,25.84,26.0
-0.10755786,-0.1339285699999983,25.34,25.49,25.84
-0.0501936699999987,-0.0625,25.27,25.34,25.49
0.0,0.0,25.27,25.27,25.34
0.0501936699999987,0.0625,25.34,25.27,25.27
0.2366272999999985,0.2946428599999997,25.67,25.34,25.27
0.1936041599999995,0.2410714300000016,25.94,25.67,25.34
-0.1505810099999998,-0.1875,25.73,25.94,25.67
-0.1649220599999985,-0.2053571500000011,25.5,25.73,25.94
-0.3728672700000004,-0.4642857099999986,24.98,25.5,25.73
-0.2222862499999998,-0.276785720000003,24.67,24.98,25.5
0.0430231399999989,0.0535714300000016,24.73,24.67,24.98
-0.1003873399999975,-0.125,24.59,24.73,24.67
-0.0932168100000012,-0.1160714300000016,24.46,24.59,24.73
-0.0358526300000008,-0.0446428499999989,24.41,24.46,24.59
-0.0788757599999989,-0.0982142900000013,24.3,24.41,24.46
0.207945200000001,0.2589285700000019,24.59,24.3,24.41
0.0573641999999985,0.0714285699999983,24.67,24.59,24.3
-0.100387340000001,-0.125,24.53,24.67,24.59
0.0286820900000002,0.0357142900000013,24.57,24.53,24.67
0.3728672700000004,0.4642857099999986,25.09,24.57,24.53
-0.2151157300000008,-0.2678571400000002,24.79,25.09,24.57
-0.0071705299999997,-0.0089285699999983,24.78,24.79,25.09
0.2294567799999995,0.2857142900000013,25.1,24.78,24.79
-0.0501936699999987,-0.0625,25.03,25.1,24.78
0.0573641999999985,0.0714285699999983,25.11,25.03,25.1
-0.1864336299999998,-1.362908309999998,24.85,25.11,25.03
0.4875956500000029,0.5762003899999968,25.53,24.85,25.11
0.1218989099999987,0.1440500900000003,25.7,25.53,24.85
0.1864336400000006,0.2203119099999995,25.96,25.7,25.53
0.3585262100000008,0.423676750000002,26.46,25.96,25.7
-0.0143410500000022,-0.0169470700000005,26.44,26.46,25.96
0.1577515399999995,0.1864177699999984,26.66,26.44,26.46
0.2509683500000008,0.2965737300000022,27.01,26.66,26.44
0.0279650499999988,0.0330467900000002,27.049,27.01,26.66
-0.0638176699999988,-0.075414460000001,26.96,27.049,27.01
0.0932168199999985,0.1101559499999993,27.09,26.96,27.049
0.136239960000001,0.1609971700000017,27.28,27.09,26.96
0.0501936700000023,0.0593147399999978,27.35,27.28,27.09
0.165405879999998,0.1271030300000006,27.5,27.35,27.28
0.1725974400000005,0.2033648400000025,27.74,27.5,27.35
0.1654058800000015,0.1948912999999983,27.97,27.74,27.5
0.0719155999999969,0.0847353499999989,28.07,27.97,27.74
0.0647240400000015,0.0762618200000027,28.16,28.07,27.97
-0.1797889999999995,-0.2118383800000032,27.91,28.16,28.07
0.0071915599999989,0.0084735400000006,27.92,27.91,28.16
-0.115064959999998,-0.1355765600000005,27.76,27.92,27.91
-0.0071915600000025,-0.0084735399999971,27.75,27.76,27.92
-0.05034092,-0.0593147400000013,27.68,27.75,27.76
0.0,0.0,27.68,27.68,27.75
0.15102276,0.1779442300000013,27.89,27.68,27.68
0.086298720000002,0.1016824199999995,28.01,27.89,27.68
-0.1150649600000015,-0.1355765600000005,27.85,28.01,27.89
-0.115064959999998,-0.1355765600000005,27.69,27.85,28.01
0.0431493599999974,0.0508412100000015,27.75,27.69,27.85
-0.0431493599999974,-0.0508412100000015,27.69,27.75,27.69
0.0143831199999979,0.0169470700000005,27.71,27.69,27.75
-0.1869805599999985,-0.2203119099999995,27.45,27.71,27.69
-0.2301299199999995,-0.271153120000001,27.13,27.45,27.71
-0.028766240000003,-0.033894140000001,27.09,27.13,27.45
-0.1222565199999969,-0.1440500900000003,26.92,27.09,27.13
-0.0143831200000015,-0.0169470699999969,26.9,26.92,27.09
-0.05034092,-0.0593147500000021,26.83,26.9,26.92
0.0215746800000005,0.0254206100000011,26.86,26.83,26.9
-0.093490280000001,-0.1101559600000001,26.73,26.86,26.83
-0.10068184,-0.11862949,26.59,26.73,26.86
0.035957800000002,0.0423676700000008,26.64,26.59,26.73
-0.129448080000003,-0.152523630000001,26.46,26.64,26.59
-0.05034092,-0.0593147400000013,26.39,26.46,26.64
-0.0862987199999985,-0.1016824199999995,26.27,26.39,26.46
-0.0862987199999985,-0.1016824199999995,26.15,26.27,26.39
0.4962176399999976,0.5846739200000002,26.84,26.15,26.27
0.093490280000001,0.1101559499999993,26.97,26.84,26.15
0.0143831200000015,0.0169470700000005,26.99,26.97,26.84
-0.0575324800000025,-0.0677882799999984,26.91,26.99,26.97
-0.0359577999999984,-0.0423676700000008,26.86,26.91,26.99
0.10068184,0.11862949,27.0,26.86,26.91
0.208555239999999,0.2457325099999998,27.29,27.0,26.86
-0.107873399999999,-0.1271030199999998,27.14,27.29,27.0
0.0359577999999984,0.0423676700000008,27.19,27.14,27.29
-0.1438311999999975,-0.1694707000000015,26.99,27.19,27.14
-0.1150649600000015,-0.1355765600000005,26.83,26.99,27.19
0.1366396399999985,0.1609971700000017,27.02,26.83,26.99
-0.4386851599999986,-0.5168856400000017,26.41,27.02,26.83
-0.043149360000001,-0.0508412099999979,26.35,26.41,27.02
-0.05034092,-0.0593147500000021,26.28,26.35,26.41
0.086298720000002,0.1016824199999995,26.4,26.28,26.35
0.0719156000000005,-0.2792145999999995,26.5,26.4,26.28
0.9277112399999972,1.0753692100000016,27.79,26.5,26.4
0.15102276,0.1750601100000004,28.0,27.79,26.5
0.1078734000000025,0.1250429299999993,28.15,28.0,27.79
-0.0791071599999995,-0.0916981499999991,28.04,28.15,28.0
-0.2588961600000026,-0.3001030399999997,27.68,28.04,28.15
-0.10068184,-0.1167067300000006,27.54,27.68,28.04
-0.266087719999998,-0.3084392300000012,27.17,27.54,27.68
-0.1654058800000015,-0.1917325000000005,26.94,27.17,27.54
-0.0215746800000005,-0.0250085899999987,26.91,26.94,27.17
-0.1797889999999995,-0.2084048799999998,26.66,26.91,26.94
0.0215746800000005,0.0250085799999979,26.69,26.66,26.91
-0.2157468000000015,-0.2500858599999986,26.39,26.69,26.66
0.186980560000002,0.2167410799999984,26.65,26.39,26.69
0.2309097300000004,0.1917325000000005,26.88,26.65,26.39
-0.0505115000000024,-0.0583533699999989,26.81,26.88,26.65
-0.0793752199999993,-0.0916981499999991,26.7,26.81,26.88
-0.1154548700000006,-0.1333791300000015,26.54,26.7,26.81
0.1298867200000018,0.1500515200000016,26.72,26.54,26.7
-0.0432955700000015,-0.0500171700000002,26.66,26.72,26.54
-0.0216477899999993,-0.0250085900000023,26.63,26.66,26.72
0.3030690199999988,0.35012021,27.05,26.63,26.66
-0.1298867199999982,-0.1500515199999981,26.87,27.05,26.63
0.1948300799999991,0.2250772800000007,27.14,26.87,27.05
-0.1226707900000008,-0.1417153199999994,26.97,27.14,26.87
-0.0288637199999968,-0.0333447800000001,26.93,26.97,27.14
-0.0144318600000019,-0.0166724000000009,26.91,26.93,26.97
0.1082389399999996,0.1250429400000001,27.06,26.91,26.93
0.1371026499999992,0.1583877099999995,27.25,27.06,26.91
-0.1803982199999971,-0.2084048900000006,27.0,27.25,27.06
0.1226707899999972,0.1417153300000002,27.17,27.0,27.25
-0.0432955799999987,-0.0500171800000011,27.11,27.17,27.0
0.0865911500000002,0.1000343500000013,27.23,27.11,27.17
0.0938070800000012,0.1083705399999992,27.36,27.23,27.11
-0.0649433600000009,-0.075025759999999,27.27,27.36,27.23
0.1659663599999987,0.1917324899999997,27.5,27.27,27.36
0.2814212299999994,0.3251116299999985,27.89,27.5,27.27
-0.1082389299999988,-0.1250429400000001,27.74,27.89,27.5
-0.4257398099999996,-0.4918355299999994,27.15,27.74,27.89
-0.2164778699999985,-0.2500858599999986,26.85,27.15,27.74
0.1154548599999998,0.133379129999998,27.01,26.85,27.15
0.0,0.0,27.01,27.01,26.85
-0.079375210000002,-0.0916981499999991,26.9,27.01,27.01
0.0865911399999994,0.1000343400000005,27.02,26.9,27.01
0.1515345100000011,0.1750601100000004,27.23,27.02,26.9
-0.0144318599999984,-0.01667239,27.21,27.23,27.02
0.2525575199999998,0.2917668400000011,27.56,27.21,27.23
0.0577274299999999,0.0666895600000003,27.64,27.56,27.21
0.0721592899999983,0.0833619499999969,27.74,27.64,27.56
-0.1298867199999982,-0.1500515099999972,27.56,27.74,27.64
-0.223693800000003,-0.2584220600000009,27.25,27.56,27.74
0.0288637200000003,0.0333447800000001,27.29,27.25,27.56
-0.1154548699999971,-0.1333791300000015,27.13,27.29,27.25
0.0505114999999989,0.0583533700000025,27.2,27.13,27.29
-0.0938070700000004,-0.1083705400000027,27.07,27.2,27.13
-0.1659663699999995,-0.1917324899999997,26.84,27.07,27.2
0.2742052999999984,0.3167754200000026,27.22,26.84,27.07
-0.1371026499999992,-0.158387710000003,27.03,27.22,26.84
0.0,0.0,27.03,27.03,27.22
0.0865911500000002,0.1000343400000005,27.15,27.03,27.03
-0.0288637200000003,-0.0333447800000001,27.11,27.15,27.03
0.0,0.0,27.11,27.11,27.15
-0.0072159200000001,-0.0083361899999978,27.1,27.11,27.11
0.1082389299999988,-0.9827298300000002,27.25,27.1,27.11
-2.236937979999997,-2.4581987299999994,24.15,27.25,27.1
0.1010230099999986,0.1110154299999983,24.29,24.15,27.25
-0.2020460200000009,-0.2220308499999994,24.01,24.29,24.15
-0.6061380300000003,-0.6660925599999992,23.17,24.01,24.29
0.1948300800000026,0.2141011800000001,23.44,23.17,24.01
0.2597734499999973,0.2854682400000001,23.8,23.44,23.17
-0.0505115099999997,-0.0555077200000013,23.73,23.8,23.44
-0.0793752099999984,-0.0872263999999987,23.62,23.73,23.8
0.1082389299999988,0.1189450999999977,23.77,23.62,23.73
-0.3968760899999992,-0.4361320400000004,23.22,23.77,23.62
-0.0360796500000013,-0.0396483599999974,23.17,23.22,23.77
0.05070847,-0.0158593499999994,23.15,23.17,23.22
-0.10141694,-0.1110154300000019,23.01,23.15,23.17
-0.2028338899999973,-0.2220308499999994,22.73,23.01,23.15
0.0724406799999997,0.0792967299999993,22.83,22.73,23.01
-0.1955898200000021,-0.2141011800000001,22.56,22.83,22.73
0.2318101500000011,0.253749550000002,22.88,22.56,22.83
-0.0651966000000001,-0.07136706,22.79,22.88,22.56
0.5143287799999996,0.5630068099999974,23.5,22.79,22.88
0.1738576199999997,0.1903121600000012,23.74,23.5,22.79
-0.0144881400000009,-0.0158593499999994,23.72,23.74,23.5
-0.4129118399999996,-0.451991379999999,23.15,23.72,23.74
-0.3622033599999987,-0.396483670000002,22.65,23.15,23.72
0.1231491399999988,0.1348044500000007,22.82,22.65,23.15
-0.0434643999999977,-0.0475780400000012,22.76,22.82,22.65
-0.1883457499999998,-0.2061715099999972,22.5,22.76,22.82
-0.2680305000000018,-0.293397910000003,22.13,22.5,22.76
-0.0651966000000001,-0.07136706,22.04,22.13,22.5
0.05070847,0.0555077200000013,22.11,22.04,22.13
-0.1376372799999998,-0.1506638000000002,21.92,22.11,22.04
-0.15212541,-0.1665231399999989,21.71,21.92,22.11
-0.1448813500000003,-0.1585934600000023,21.51,21.71,21.92
0.268030490000001,0.293397910000003,21.88,21.51,21.71
0.1376372799999998,0.1506637899999994,22.07,21.88,21.51
0.0217322000000006,0.0237890199999988,22.1,22.07,21.88
0.3259830299999997,0.3568353000000002,22.55,22.1,22.07
0.0072440699999987,0.0079296699999993,22.56,22.55,22.1
0.3766914999999997,0.4123430200000015,23.08,22.56,22.55
-0.1448813499999985,-0.1585934699999995,22.88,23.08,22.56
-0.2752745499999989,-0.3013275899999996,22.5,22.88,23.08
0.2318101499999976,0.2537495499999984,22.82,22.5,22.88
0.0289762700000011,0.0317186899999981,22.86,22.82,22.5
0.217322020000001,0.2378902000000025,23.16,22.86,22.82
0.2245660899999997,0.2458198799999991,23.47,23.16,22.86
-0.1231491499999997,-0.1348044500000007,23.3,23.47,23.16
0.2897626999999971,0.3171869300000018,23.7,23.3,23.47
-0.2535423599999973,-0.27753856,23.35,23.7,23.3
0.0941728699999977,0.1030857499999982,23.48,23.35,23.7
-0.1303932099999976,-0.14273412,23.3,23.48,23.35
0.1448813499999985,0.1585934699999995,23.5,23.3,23.48
-0.2897626899999999,-0.3171869399999991,23.1,23.5,23.3
-0.3332270999999984,-0.3647649699999995,22.64,23.1,23.5
-0.2752745600000033,-0.3013275799999988,22.26,22.64,23.1
0.0217322000000024,0.0237890199999988,22.29,22.26,22.64
0.1376372799999998,0.1506637899999994,22.48,22.29,22.26
0.1883457499999998,0.2061714999999999,22.74,22.48,22.29
0.4781084500000006,0.5233584399999991,23.4,22.74,22.48
-0.3984237099999994,0.4862311200000029,22.85,23.4,22.74
0.7388948699999993,0.8499999999999979,23.87,22.85,23.4
0.0941728799999985,0.1083333300000006,24.0,23.87,22.85
0.1593694800000022,0.1833333299999999,24.22,24.0,23.87
0.1086610099999987,0.125,24.37,24.22,24.0
-0.3622033699999996,-0.4166666600000006,23.87,24.37,24.22
0.2752745599999997,0.3166666599999992,24.25,23.87,24.37
-0.1376372799999998,-0.1583333299999978,24.06,24.25,23.87
-0.05070847,-0.0583333299999999,23.99,24.06,24.25
0.2245660899999997,0.2583333299999992,24.3,23.99,24.06
-0.0651966100000009,-0.0749999999999992,24.21,24.3,23.99
0.0579525400000022,0.06666667,24.29,24.21,24.3
-0.05070847,-0.0583333400000007,24.22,24.29,24.21
0.0869288099999998,0.1000000000000014,24.34,24.22,24.29
0.0724406699999988,0.0833333399999993,24.44,24.34,24.22
0.0144881300000001,0.0166666599999985,24.46,24.44,24.34
-0.0217321999999988,-0.0249999999999985,24.43,24.46,24.44
0.0724406799999997,0.0833333399999993,24.53,24.43,24.46
0.130873379999997,0.0749999999999992,24.62,24.53,24.43
0.0581659500000029,0.0666666599999992,24.7,24.62,24.53
0.0,0.0,24.7,24.7,24.62
0.7925110399999973,0.9083333400000022,25.79,24.7,24.7
0.2399345400000001,0.2749999999999986,26.12,25.79,24.7
-0.363537179999998,-0.4166666699999979,25.62,26.12,25.79
0.0363537199999974,0.0416666699999979,25.67,25.62,26.12
0.0508952000000029,0.0583333299999999,25.74,25.67,25.62
0.0799781799999976,0.0916666700000021,25.85,25.74,25.67
0.072707440000002,0.0833333299999985,25.95,25.85,25.74
-0.0799781800000012,-0.0916666699999986,25.84,25.95,25.85
-0.0290829799999983,-0.0333333300000013,25.8,25.84,25.95
-0.0727074300000012,-0.0833333299999985,25.7,25.8,25.84
0.1017904099999995,0.1166666599999999,25.84,25.7,25.8
-0.167227099999998,-0.1916666600000027,25.61,25.84,25.7
0.0,0.0,25.61,25.61,25.84
-0.1308733900000014,-0.1499999999999985,25.43,25.61,25.61
0.1236026400000014,0.1416666599999985,25.6,25.43,25.61
0.2253930499999974,0.2583333400000001,25.91,25.6,25.43
0.0145414900000027,0.016666660000002,25.93,25.91,25.6
0.0363537199999974,0.0416666699999979,25.98,25.93,25.91
0.254476020000002,0.2916666700000014,26.33,25.98,25.93
0.3780786599999999,0.4333333299999999,26.85,26.33,25.98
-0.0436244600000002,-0.0500000000000007,26.79,26.85,26.33
0.0508952100000001,0.0583333299999999,26.86,26.79,26.85
0.2326637900000001,0.2666666699999993,27.18,26.86,26.79
-0.2035808200000026,-0.2333333299999971,26.9,27.18,26.86
-0.1744978399999972,-0.2000000000000028,26.66,26.9,27.18
0.2108515599999982,0.2416666599999999,26.95,26.66,26.9
0.1817685900000007,0.2083333400000029,27.2,26.95,26.66
0.1744978400000008,0.1999999999999993,27.44,27.2,26.95
-0.029082970000001,-0.0333333400000022,27.4,27.44,27.2
-0.036353720000001,-0.041666659999997,27.35,27.4,27.44
0.0072707399999991,0.0083333299999992,27.36,27.35,27.4
0.0072707499999999,0.0083333299999992,27.37,27.36,27.35
0.4144323800000009,0.4750000000000014,27.94,27.37,27.36
-0.0145414899999991,-0.016666660000002,27.92,27.94,27.37
-0.036353720000001,-0.0416666699999979,27.87,27.92,27.94
-0.1090611499999987,-0.125,27.72,27.87,27.92
-0.0218122300000018,-0.0250000000000021,27.69,27.72,27.87
-0.1090611499999987,-0.125,27.54,27.69,27.72
0.4944105599999986,0.56666667,28.22,27.54,27.69
0.1090611500000022,0.125,28.37,28.22,27.54
0.0581659499999993,0.0666666599999992,28.45,28.37,28.22
-0.0072707399999991,-0.0083333299999992,28.44,28.45,28.37
0.0581659399999985,0.06666667,28.52,28.44,28.45
-0.167227099999998,-0.19166667,28.29,28.52,28.44
0.1017904099999995,0.1166666700000007,28.43,28.29,28.52
0.0145414899999991,0.0166666599999985,28.45,28.43,28.29
-0.1236026400000014,-0.1416666599999985,28.28,28.45,28.43
0.0218122300000018,0.0249999999999985,28.31,28.28,28.45
0.029082970000001,-1.0705575999999972,28.35,28.31,28.28
-0.0072707400000027,-0.0079439500000013,28.34,28.35,28.31
0.1381441300000006,0.1509351199999997,28.53,28.34,28.35
0.1308733800000006,0.1429911700000019,28.71,28.53,28.34
0.0727074399999985,0.0794395399999992,28.81,28.71,28.53
-0.0290829799999983,-0.03177582,28.77,28.81,28.71
-0.029082970000001,-0.0317758099999991,28.73,28.77,28.81
0.0799781800000012,0.087383489999997,28.84,28.73,28.77
0.0799781700000004,0.0873834900000005,28.95,28.84,28.73
0.0218122399999991,0.0238318600000013,28.98,28.95,28.84
0.2035808100000018,0.2224307099999976,29.26,28.98,28.95
-0.0145414800000018,-0.01588791,29.24,29.26,28.98
0.0799781800000012,0.0873834900000005,29.35,29.24,29.26
-0.0156855500000006,-0.0965190400000004,29.2285,29.35,29.24
-0.0791572599999987,-0.0861918899999985,29.12,29.2285,29.35
0.2553460199999975,0.2780383800000017,29.47,29.12,29.2285
-0.0510692000000005,-0.0556076800000013,29.4,29.47,29.12
0.3574844400000003,0.3892537400000009,29.89,29.4,29.47
0.0218868000000007,0.0238318599999978,29.92,29.89,29.4
0.0,0.0,29.92,29.92,29.89
-0.1167296100000001,-0.1271032599999983,29.76,29.92,29.92
-0.2042768300000013,-0.2224307100000011,29.48,29.76,29.92
-0.0656603999999987,-0.0714955800000005,29.39,29.48,29.76
0.1313208100000018,0.1429911700000019,29.57,29.39,29.48
-0.1532076199999998,-0.1668230299999997,29.36,29.57,29.39
-0.1750944099999998,-0.1906548900000011,29.12,29.36,29.57
0.153207609999999,0.1668230299999997,29.33,29.12,29.36
-0.1459120099999999,-0.1588790799999984,29.13,29.33,29.12
-0.102138410000002,-0.1112153500000019,28.99,29.13,29.33
-0.1021384099999984,-0.1112153599999992,28.85,28.99,29.13
0.4012580399999983,0.4369174600000001,29.4,28.85,28.99
0.102138410000002,0.1112153599999992,29.54,29.4,28.85
-0.0802516100000012,-0.0873834999999978,29.43,29.54,29.4
0.0875472100000003,0.0953274499999992,29.55,29.43,29.54
0.3793712400000011,0.4130855999999987,30.07,29.55,29.43
0.0875472100000003,0.0953274400000019,30.19,30.07,29.55
-0.2188680200000021,-0.2383186100000003,29.89,30.19,30.07
0.0729560000000013,0.0794395399999992,29.99,29.89,30.19
0.0729560099999986,0.0794395399999992,30.09,29.99,29.89
-0.0802516099999977,-0.0873834999999978,29.98,30.09,29.99
-0.248050420000002,-0.2700944300000003,29.64,29.98,30.09
0.255346020000001,0.2780383899999989,29.99,29.64,29.98
0.021886809999998,0.0238318600000013,30.02,29.99,29.64
-0.0291824099999971,-0.03177582,29.98,30.02,29.99
-0.0875472100000003,-0.0953274400000019,29.86,29.98,30.02
0.0,0.0,29.86,29.86,29.98
-0.0364780000000024,-0.0397197700000013,29.81,29.86,29.86
-0.1240252099999992,-0.135047219999997,29.64,29.81,29.86
0.2115724199999995,0.2303746599999989,29.93,29.64,29.81
0.0218868000000007,0.0238318699999986,29.96,29.93,29.64
-0.2188680199999986,-0.2383186199999976,29.66,29.96,29.93
0.7587424799999987,0.8261711999999974,30.7,29.66,29.96
0.372075640000002,0.4051416400000001,31.21,30.7,29.66
-0.0364780100000032,-0.0397197699999978,31.16,31.21,30.7
-0.0437735999999979,-0.0476637200000027,31.1,31.16,31.21
-0.0729560099999986,-0.0794395399999992,31.0,31.1,31.16
0.0802516099999977,0.0873834900000005,31.11,31.0,31.1
-0.2845284299999981,-0.3098141900000009,30.72,31.11,31.0
0.0145911999999981,0.0158879000000027,30.74,30.72,31.11
0.2553460300000019,0.2780383899999989,31.09,30.74,30.72
-0.4669184500000014,1.1456155499999987,30.45,31.09,30.74
0.109434010000001,0.1273072299999995,30.6,30.45,31.09
-0.0510692100000014,-0.0594100399999995,30.53,30.6,30.45
-0.0364779999999989,-0.0424357399999983,30.48,30.53,30.6
0.2772328299999991,0.3225116499999991,30.86,30.48,30.53
-0.2188680199999986,-0.2546144599999991,30.56,30.86,30.48
-0.26993723,-0.3140245099999994,30.19,30.56,30.86
-0.4231448499999999,-0.4922546200000006,29.61,30.19,30.56
-0.0729560000000013,-0.0848714900000011,29.51,29.61,30.19
-0.1021384099999984,-0.118820079999999,29.37,29.51,29.61
-0.0802516100000012,-0.0933586400000017,29.26,29.37,29.51
-0.2042768200000004,-0.2376401699999988,28.98,29.26,29.37
-0.0291824100000006,-0.0339485900000013,28.94,28.98,29.26
0.1244552600000012,0.0594100399999995,29.01,28.94,28.98
0.285515010000001,0.3309988000000032,29.4,29.01,28.94
0.0439253799999974,0.0509228999999997,29.46,29.4,29.01
-0.5271046199999994,-0.6110747200000013,28.74,29.46,29.4
0.0658880800000005,0.0763843400000006,28.83,28.74,29.46
0.3806866699999993,0.441331739999999,29.35,28.83,28.74
0.0292835900000021,0.0339485900000013,29.39,29.35,28.83
-0.3587239800000006,-0.4158702900000008,28.9,29.39,29.35
0.1244552599999977,0.1442815300000006,29.07,28.9,29.39
-0.8785077099999974,-1.0184578500000008,27.87,29.07,28.9
0.2196269300000004,0.2546144699999999,28.17,27.87,29.07
-0.0585671800000007,-0.0678972000000008,28.09,28.17,27.87
-0.24158963,-0.2800758999999999,27.76,28.09,28.17
-0.1538120500000026,-0.1783149999999977,27.5499,27.76,28.09
0.2050583400000007,0.2377250399999972,27.83,27.5499,27.76
-0.1610597499999997,-0.1867172799999998,27.61,27.83,27.5499
-0.2123060300000006,-0.2461273099999985,27.32,27.61,27.83
-0.0292835899999985,-0.0339485900000013,27.28,27.32,27.61
0.1171343600000014,0.1357943800000001,27.44,27.28,27.32
-0.5271046200000029,-0.6110747199999977,26.72,27.44,27.28
0.4978210300000008,0.5771261199999991,27.4,26.72,27.44
-0.0878507699999993,-0.1018457800000014,27.28,27.4,26.72
0.0366044899999984,0.0424357400000019,27.33,27.28,27.4
0.3660448800000004,0.4243574399999978,27.83,27.33,27.28
0.0073208999999998,0.0084871500000005,27.84,27.83,27.33
0.4978210300000008,0.5771261100000018,28.52,27.84,27.83
-0.1830224399999984,-0.2121787200000007,28.27,28.52,27.84
-0.183022440000002,-0.2121787200000007,28.02,28.27,28.52
0.14641795,0.1697429799999987,28.22,28.02,28.27
-0.3660448800000004,-0.4243574399999978,27.72,28.22,28.02
-0.0585671799999971,-0.06789719,27.64,27.72,28.22
0.0805298799999967,0.0933586399999981,27.75,27.64,27.72
0.0878507700000028,0.1018457800000014,27.87,27.75,27.64
-0.0951716700000027,-0.1103329299999984,27.74,27.87,27.75
0.0951716700000027,0.1103329299999984,27.87,27.74,27.87
0.4612165499999996,0.5346903699999999,28.5,27.87,27.74
0.0366044799999976,0.0424357499999992,28.55,28.5,27.87
0.0146418000000032,0.0169743000000011,28.57,28.55,28.5
-0.1244552600000012,-0.1442815300000006,28.4,28.57,28.55
-0.2123060300000006,-0.2461273199999993,28.11,28.4,28.57
0.3147985999999996,0.3649473999999983,28.54,28.11,28.4
0.0512462800000008,0.059410040000003,28.61,28.54,28.11
0.0878507699999993,0.1018457899999987,28.73,28.61,28.54
0.0878507699999993,0.1018457800000014,28.85,28.73,28.61
-0.1830224399999984,-0.2121787200000007,28.6,28.85,28.73
0.0658880800000005,0.0763843400000006,28.69,28.6,28.85
0.2415896199999991,0.2800759099999972,29.02,28.69,28.6
-0.1757015399999986,-0.2036915700000001,28.78,29.02,28.69
0.0073208999999998,0.0084871500000005,28.79,28.78,29.02
0.14641795,0.1697429700000015,28.99,28.79,28.78
0.0805298699999994,-3.628172110000001,29.1,28.99,28.79
0.7467315499999998,0.7352437700000003,30.12,29.1,28.99
-0.1317761500000003,-0.1297488999999991,29.94,30.12,29.1
0.3367612899999983,0.3315805199999992,30.4,29.94,30.12
0.1537388499999998,0.1513737100000014,30.61,30.4,29.94
0.2635523100000014,0.2594977999999983,30.97,30.61,30.4
-0.3001567999999999,-0.2955391600000006,30.56,30.97,30.61
0.1098134600000015,0.1081240900000004,30.71,30.56,30.97
0.0292835899999985,0.0288330899999991,30.75,30.71,30.56
0.0218894899999995,0.0215527299999997,30.7799,30.75,30.71
-0.1463447500000008,-0.1440933599999994,30.58,30.7799,30.75
0.2269478300000003,0.2234564399999996,30.89,30.58,30.7799
0.0585671800000007,0.0576661700000009,30.97,30.89,30.58
0.0220338300000015,-0.0504578999999978,30.9,30.97,30.89
0.1248584199999989,0.1225406299999996,31.07,30.9,30.97
-0.0661015099999993,-0.0648744500000013,30.98,31.07,30.9
-0.1101692000000014,-0.1081240900000004,30.83,30.98,31.07
0.1615814899999996,0.1585819900000018,31.05,30.83,30.98
-0.2644060599999989,-0.2594978000000019,30.69,31.05,30.83
-0.080790750000002,-0.0792909900000005,30.58,30.69,31.05
-0.3011291199999988,-0.2955391600000006,30.17,30.58,30.69
0.2276829999999989,0.2234564400000032,30.48,30.17,30.58
0.2276829900000017,0.2234564299999988,30.79,30.48,30.17
0.2350276099999995,0.23066472,31.11,30.79,30.48
-0.3084002900000016,-0.302675360000002,30.6901,31.11,30.79
-0.0735195699999984,-0.0721547999999998,30.59,30.6901,31.11
0.0918076600000006,0.0901034000000002,30.715,30.59,30.6901
-0.0991522800000019,-0.0973116699999998,30.58,30.715,30.59
-0.212993769999997,-0.2090399000000005,30.29,30.58,30.715
-0.4920890600000014,-0.4829542299999971,29.62,30.29,30.58
0.3158183500000007,0.3099556999999997,30.05,29.62,30.29
-0.0220338300000015,-0.0216248199999995,30.02,30.05,29.62
-0.1248584199999989,-0.1225406200000023,29.85,30.02,30.05
0.3966090899999983,0.389246700000001,30.39,29.85,30.02
0.095479970000003,0.0937075299999996,30.52,30.39,29.85
-0.0220338400000024,-0.0216248099999987,30.49,30.52,30.39
0.014689220000001,0.0144165399999991,30.51,30.49,30.52
-0.0367230599999999,-0.0360413599999986,30.46,30.51,30.49
-0.330507579999999,-0.3243722500000032,30.01,30.46,30.51
0.1542368699999983,0.1513737200000022,30.22,30.01,30.46
-0.5361567299999983,-0.5262038699999998,29.49,30.22,30.01
0.0,0.0,29.49,29.49,30.22
0.022033829999998,0.0216248099999987,29.52,29.49,29.49
0.2570614500000019,0.2522895299999987,29.87,29.52,29.49
-0.0293784500000029,-0.0288330899999991,29.83,29.87,29.52
-0.2644060599999989,-0.2594977999999983,29.47,29.83,29.87
0.1983045499999995,0.1946233500000005,29.74,29.47,29.83
0.2056491600000001,0.2018316200000001,30.02,29.74,29.47
-0.0220338399999988,-0.0216248100000022,29.99,30.02,29.74
-0.0146892300000018,-0.0144165499999999,29.97,29.99,30.02
-0.0734461299999971,-0.0720827200000009,29.87,29.97,29.99
-0.3966090900000019,-0.3892466999999975,29.33,29.87,29.97
0.1175138100000019,0.11533236,29.49,29.33,29.87
0.4259875399999977,0.4180797900000002,30.07,29.49,29.33
-0.1836153199999977,-0.1802068100000013,29.82,30.07,29.49
0.1542368699999983,0.1513737199999987,30.03,29.82,30.07
0.5507725100000016,0.54054833,30.7799,30.03,29.82
0.1028980299999986,0.1009878900000025,30.92,30.7799,30.03
0.4333321599999991,-0.0978368300000021,31.51,30.92,30.7799
-0.2570614499999983,-0.2464788799999979,31.16,31.51,30.92
0.0220338399999988,0.0211267599999978,31.19,31.16,31.51
-0.2864398999999977,-0.2746478799999998,30.8,31.19,31.16
-0.0661015200000001,-0.0633802899999977,30.71,30.8,31.19
-0.5361567400000027,-0.5140845000000027,29.98,30.71,30.8
-0.4332587100000005,-0.415422539999998,29.3901,29.98,30.71
0.0072711700000027,0.0069718300000012,29.4,29.3901,29.98
-0.3011291299999996,-0.2887323899999998,28.99,29.4,29.3901
0.2276829999999989,0.2183098599999979,29.3,28.99,29.4
0.1615814799999988,0.1549295700000001,29.52,29.3,28.99
-0.4112248699999981,-0.3942957699999994,28.9601,29.52,29.3
0.4259140999999999,0.4083802799999994,29.54,28.9601,29.52
0.0073446099999969,0.0070422500000013,29.55,29.54,28.9601
0.3305075800000026,0.3169014099999998,30.0,29.55,29.54
-0.793218190000001,-0.7605633800000007,28.92,30.0,29.55
-0.1542368699999983,-0.1478873199999988,28.71,28.92,30.0
-0.0587569000000023,-0.0563380300000027,28.63,28.71,28.92
-0.1916292599999991,-0.2535211299999993,28.27,28.63,28.71
-0.1252960600000001,-0.1197183099999996,28.1,28.27,28.63
-0.2137403300000002,-0.2042253500000015,27.81,28.1,28.27
0.3242956799999987,0.309859160000002,28.25,27.81,28.1
0.0073703500000021,0.0070422500000013,28.26,28.25,27.81
-0.1400367700000018,-0.1338028200000032,28.07,28.26,28.25
0.110555350000002,0.1056338100000005,28.22,28.07,28.26
0.0589628500000003,0.0563380200000018,28.3,28.22,28.07
0.3758881699999996,0.359154929999999,28.81,28.3,28.22
-0.2358514000000013,-0.2253521099999993,28.49,28.81,28.3
-0.4127399599999997,-0.3943662000000003,27.93,28.49,28.81
0.4864435200000017,0.4647887399999995,28.59,27.93,28.49
-0.1031849900000025,-0.0985915499999983,28.45,28.59,27.93
0.2063699800000016,0.1971831000000001,28.73,28.45,28.59
0.0589628500000003,0.0563380199999983,28.81,28.73,28.45
-0.2432217600000008,-0.2323943600000007,28.48,28.81,28.73
0.3169253199999993,0.3028168999999998,28.91,28.48,28.81
-0.346406739999999,-0.3309859199999998,28.44,28.91,28.48
0.0294814199999997,0.0281690199999999,28.48,28.44,28.91
0.3316660300000009,0.3169014099999998,28.93,28.48,28.44
0.0,0.0,28.93,28.93,28.48
0.1695181999999988,0.1619718300000023,29.16,28.93,28.93
-0.0884442800000009,-0.0845070400000018,29.04,29.16,28.93
-0.2321662199999998,-0.2218309900000008,28.725,29.04,29.16
0.1510923000000019,0.1443662000000003,28.93,28.725,29.04
-0.1916292599999991,-0.1830985900000001,28.67,28.93,28.725
-0.1841852000000017,-0.1759859199999986,28.4201,28.67,28.93
0.1693707800000012,0.1618309899999985,28.6499,28.4201,28.67
0.316999029999998,0.3028873199999999,29.08,28.6499,28.4201
0.3537034000000005,0.337957750000001,29.5599,29.08,28.6499
-0.0441484400000007,-0.042183099999999,29.5,29.5599,29.08
-0.0073703499999986,-0.0070422600000021,29.49,29.5,29.5599
-0.0221110700000011,-0.0211267599999978,29.46,29.49,29.5
0.2285547500000007,0.2183802799999981,29.7701,29.46,29.49
-0.0516661999999996,-0.049366189999997,29.7,29.7701,29.46
-0.1824163200000015,-0.1742957800000013,29.4525,29.7,29.7701
0.1897866800000009,0.1813380299999991,29.71,29.4525,29.7
0.0958146299999995,0.0915493000000005,29.84,29.71,29.4525
0.0,0.0,29.84,29.84,29.71
0.1915555600000011,0.18302817,30.0999,29.84,29.84
0.095888330000001,0.0916197099999998,30.23,30.0999,29.84
-0.2358514000000013,-0.2253521099999993,29.91,30.23,30.0999
0.1916292699999999,0.1830985900000001,30.17,29.91,30.23
-0.0958146400000004,-0.0915492899999996,30.04,30.17,29.91
0.2063699800000016,0.1971831000000001,30.32,30.04,30.17
0.5601470800000001,0.5352112600000005,31.08,30.32,30.04
0.0589628499999967,0.0563380299999991,31.16,31.08,30.32
-0.7296652699999981,-0.6971831000000002,30.17,31.16,31.08
0.2505921099999995,0.2394366199999993,30.51,30.17,31.16
0.2874438999999995,0.2746478900000006,30.9,30.51,30.17
0.2579624699999989,0.2464788700000006,31.25,30.9,30.51
0.5454063600000012,-0.9291786799999996,31.99,31.25,30.9
2.2405883200000005,2.003022979999997,35.03,31.99,31.25
-0.3390363900000004,-0.3030890099999972,34.57,35.03,31.99
0.7370356300000012,0.6588891399999994,35.57,34.57,35.03
0.9139241799999986,0.81702254,36.81,35.57,34.57
0.1842589100000005,0.1647222799999994,37.06,36.81,35.57
0.0,0.0,37.06,37.06,36.81
-0.2432217600000008,-0.2174334100000017,36.73,37.06,37.06
-0.2358513999999978,-0.2108445299999992,36.41,36.73,37.06
-0.6559617099999997,-0.5864113300000007,35.52,36.41,36.73
-0.5748877900000018,-0.5139335299999992,34.74,35.52,36.41
-0.7444059900000006,-0.6654780299999992,33.73,34.74,35.52
-0.2579624699999989,-0.230611200000002,33.38,33.73,34.74
0.8799722500000016,0.7116002700000017,34.46,33.38,33.73
-0.3919204100000009,-0.3492112399999989,33.93,34.46,33.38
-0.1257103300000004,-0.1120111600000015,33.76,33.93,34.46
0.2440259199999985,0.217433419999999,34.09,33.76,33.93
-0.0961314199999989,-0.0856555899999982,33.96,34.09,33.76
0.45847294,0.4085112699999982,34.58,33.96,34.09
-0.2588153700000006,-0.2306111999999984,34.23,34.58,33.96
-0.0887366999999983,-0.0790666999999984,34.11,34.23,34.58
-0.8429986199999995,-0.751133620000001,32.97,34.11,34.23
0.0665525199999983,0.0593000199999984,33.06,32.97,34.11
0.4732623899999986,0.4216890500000012,33.7,33.06,32.97
-0.0813419799999977,-0.0724778000000014,33.59,33.7,33.06
0.0073947299999979,0.0065888899999997,33.6,33.59,33.7
-0.5028412899999992,-0.4480446199999974,32.92,33.6,33.59
-0.110920870000001,-0.0988333700000012,32.77,32.92,33.6
1.0204720200000033,0.9092670200000016,34.15,32.77,32.92
0.2957889899999983,0.2635556499999971,34.55,34.15,32.77
-0.0147894499999985,-0.0131777799999994,34.53,34.55,34.15
0.1700786699999987,0.1515444999999999,34.76,34.53,34.55
-0.4880518299999998,-0.4348668300000007,34.1,34.76,34.53
0.2736048099999983,0.2437889800000015,34.47,34.1,34.76
0.5546043600000026,0.4941668499999991,35.22,34.47,34.1
0.0665525199999983,0.0593000299999992,35.31,35.22,34.47
-0.6803146799999986,-0.6061780099999972,34.39,35.31,35.22
0.2588153699999971,0.2306111999999984,34.74,34.39,35.31
0.036973630000002,0.0329444599999995,34.79,34.74,34.39
0.5398149100000005,0.4809890699999997,35.52,34.79,34.74
0.3993151299999979,0.3558001300000022,36.06,35.52,34.79
0.3845256900000002,0.3426223499999992,36.58,36.06,35.52
0.0221841799999999,0.01976668,36.61,36.58,36.06
-0.4732623899999986,-0.4216890500000012,35.97,36.61,36.58
0.110920870000001,0.0988333700000012,36.12,35.97,36.61
-0.3845256900000002,-0.3426223499999992,35.6,36.12,35.97
-0.2809995399999998,-0.250377880000002,35.22,35.6,36.12
0.1109208699999975,0.098833380000002,35.37,35.22,35.6
-0.7320777499999984,-0.6523002499999997,34.38,35.37,35.22
0.1700786699999987,0.1515444999999999,34.61,34.38,35.37
-0.857788069999998,-0.7643114000000004,33.45,34.61,34.38
0.7320777499999984,0.6523002499999997,34.44,33.45,34.61
-0.0813419700000004,-0.0724778100000023,34.33,34.44,33.45
-0.3105784400000004,-0.2767334399999974,33.91,34.33,34.44
0.3549467800000023,0.3162667900000002,34.39,33.91,34.33
-0.2883942600000004,-0.2569667600000009,34.0,34.39,33.91
-0.5693938100000011,-0.5073446399999995,33.23,34.0,34.39
-0.0887366999999983,-0.079066700000002,33.11,33.23,34.0
-0.0739472400000025,-0.0658889099999981,33.01,33.11,33.23
-0.7542619299999984,-0.6720669199999989,31.99,33.01,33.11
-0.0443683499999991,-0.0395333500000028,31.93,31.99,33.01
0.9761036700000004,-2.150738369999999,33.25,31.93,31.99
-0.22923647,-0.1760948499999983,32.94,33.25,31.93
-0.1626839400000008,-0.1249705300000023,32.72,32.94,33.25
-0.0887367000000018,-0.0681657399999977,32.6,32.72,32.94
-0.2957889899999983,-0.2272191499999998,32.2,32.6,32.72
0.2957889899999983,0.2272191499999998,32.6,32.2,32.6
-1.5900137199999982,-1.22141654,30.4498,32.6,32.2
-0.1921149500000005,-0.1475788400000013,30.19,30.4498,32.6
-0.8282091800000018,-0.6362136199999995,29.07,30.19,30.4498
-0.4067098599999994,-0.312426330000001,28.52,29.07,30.19
-0.2957889899999983,-0.2272191499999998,28.12,28.52,29.07
0.325367889999999,0.2499410600000011,28.56,28.12,28.52
-0.2588153700000006,-0.1988167500000024,28.21,28.56,28.12
0.0961314200000025,0.07384622,28.34,28.21,28.56
0.45847294,0.3521896800000021,28.96,28.34,28.21
-0.3401573400000011,-0.2613020200000022,28.5,28.96,28.34
-0.0591578000000012,-0.0454438299999999,28.42,28.5,28.96
-0.1039283999999973,-0.1420119699999986,28.17,28.42,28.5
0.0371172899999976,0.0284023900000001,28.22,28.17,28.42
-0.0890814899999981,-0.0681657399999995,28.1,28.22,28.17
-0.31178521,-0.2385801100000009,27.68,28.1,28.22
0.1187753199999974,0.0908876599999999,27.84,27.68,28.1
0.4008666900000008,0.3067458500000004,28.38,27.84,27.68
-0.0890814800000008,-0.0681657400000013,28.26,28.38,27.84
-0.2449741000000003,-0.1874557999999986,27.93,28.26,28.38
-0.5419866199999994,-0.4147317499999996,27.1999,27.93,28.26
-0.1558183699999986,-0.1192332500000006,26.99,27.1999,27.93
0.4454074400000003,0.3408287200000011,27.59,26.99,27.1999
0.3933690100000007,0.3010085699999987,28.1199,27.59,26.99
-0.4082159199999999,-0.3123695199999989,27.57,28.1199,27.59
0.2227037199999983,0.1704143599999987,27.87,27.57,28.1199
0.1336222300000002,0.102248620000001,28.05,27.87,27.57
0.913085259999999,0.6986988800000002,29.28,28.05,27.87
-0.4825247299999979,-0.369231120000002,28.63,29.28,28.05
-0.0074234600000018,-0.0056804799999987,28.62,28.63,29.28
-0.4899481899999998,-0.3749115899999999,27.96,28.62,28.63
0.2523975600000021,0.1931362700000001,28.3,27.96,28.62
0.8314272199999984,0.6362136199999995,29.42,28.3,27.96
-0.5938765900000007,-0.4544382999999996,28.62,29.42,28.3
0.4157136100000009,0.3181068099999997,29.18,28.62,29.42
-0.0074234500000009,-0.0056804699999979,29.17,29.18,28.62
-0.0222703799999983,-0.0170414400000034,29.14,29.17,29.18
-0.4305605200000002,-0.3294677699999973,28.56,29.14,29.17
-0.3785963300000006,-0.2897044100000006,28.05,28.56,29.14
-0.1039284000000009,-0.0795267099999996,27.91,28.05,28.56
0.3489024900000004,0.2669824999999992,28.38,27.91,28.05
0.831353,0.6361568200000001,29.4999,28.38,27.91
-0.2523233199999986,-0.1930794700000007,29.16,29.4999,28.38
-0.118775320000001,-0.0908876599999999,29.0,29.16,29.4999
0.118775320000001,0.0908876599999999,29.16,29.0,29.16
0.0,0.0,29.16,29.16,29.0
-0.3043617500000017,-0.2328996299999985,28.75,29.16,29.16
0.1039284000000009,0.0795266999999988,28.89,28.75,29.16
0.1633160599999996,0.1249705299999988,29.11,28.89,28.75
-0.6161469599999982,-0.4714797299999986,28.28,29.11,28.89
-0.1633160600000032,-0.1249705399999996,28.06,28.28,29.11
0.1410456900000021,0.1079290999999997,28.25,28.06,28.28
0.5196420099999983,0.3976335099999986,28.95,28.25,28.06
0.2004333500000008,0.1533729300000033,29.22,28.95,28.25
0.5790296800000014,0.4430773399999985,30.0,29.22,28.95
0.31178521,0.2385801100000009,30.42,30.0,29.22
-0.1261987800000028,-0.0965681400000022,30.25,30.42,30.0
0.8908148900000015,0.6816574499999994,31.45,30.25,30.42
0.2598210099999996,0.6626378800000019,31.8,31.45,30.25
-1.462421110000001,-1.14778789,29.83,31.8,31.45
-0.6235704199999965,-0.4894120900000018,28.99,29.83,31.8
-0.2598210000000023,-0.2039217099999994,28.64,28.99,29.83
-0.0890814899999981,-0.06991601,28.52,28.64,28.99
0.6532642499999994,0.5127174300000021,29.4,28.52,28.64
-0.118775320000001,-0.0932213500000003,29.24,29.4,28.52
-0.118775320000001,-0.0932213500000003,29.08,29.24,29.4
0.4602543600000004,0.3612327300000011,29.7,29.08,29.24
-0.3637494100000005,-0.2854903800000024,29.21,29.7,29.08
0.0445407400000021,0.0349579999999996,29.27,29.21,29.7
0.0890814899999981,0.0699160200000008,29.39,29.27,29.21
0.4454074400000003,0.3495800600000009,29.99,29.39,29.27
-0.0745078600000006,-0.122353020000002,29.78,29.99,29.39
0.1117617900000027,0.0873950200000024,29.93,29.78,29.99
0.3875153799999999,0.3030276500000006,30.4501,29.93,29.78
-0.3428106600000014,-0.268069650000001,29.99,30.4501,29.93
-0.394891659999999,-0.3087957199999991,29.46,29.99,30.4501
-0.521555020000001,-0.4078434100000017,28.76,29.46,29.99
-0.3799900899999997,-0.2971430599999998,28.25,28.76,29.46
0.1639172900000005,0.1281793600000007,28.47,28.25,28.76
-0.3129330100000018,-0.2447060500000013,28.05,28.47,28.25
0.2905806500000025,0.2272270399999989,28.44,28.05,28.47
-0.1937204300000026,-0.1514846899999966,28.18,28.44,28.05
0.0968602100000026,0.0757423499999987,28.31,28.18,28.44
0.00745079,0.0058263299999978,28.32,28.31,28.18
-0.3874408700000025,-0.3029693899999977,27.8,28.32,28.31
-0.3650885200000004,-0.2854903900000014,27.31,27.8,28.32
0.1713680800000006,0.1340056900000004,27.54,27.31,27.8
0.5662597399999996,0.4428014200000021,28.3,27.54,27.31
-0.6035136699999981,-0.4719330900000003,27.49,28.3,27.54
0.1639172900000005,0.1281793599999972,27.71,27.49,28.3
0.1341141499999985,0.1048740200000004,27.89,27.71,27.49
-0.5737105199999988,-0.4486277499999982,27.12,27.89,27.71
0.8344880299999993,0.6525494500000004,28.24,27.12,27.89
0.6184152400000009,0.4835857600000004,29.07,28.24,27.12
-0.1043110000000027,-0.0815686800000001,28.93,29.07,28.24
-0.0968602199999999,-0.0757423500000022,28.8,28.93,29.07
-0.2533267299999977,-0.1980953700000007,28.46,28.8,28.93
0.3501869499999976,0.273837720000003,28.93,28.46,28.8
-0.5215550199999974,-0.4078434100000017,28.23,28.93,28.46
-0.1937204399999998,-0.151484700000001,27.97,28.23,28.93
-0.1788188700000006,-0.13983202,27.73,27.97,28.23
0.4619487400000004,0.3612327300000011,28.35,27.73,27.97
-0.4470471600000003,-0.3495800600000009,27.75,28.35,27.73
-0.0894094400000007,-0.0699160199999973,27.63,27.75,28.35
-0.0894094299999999,-0.06991601,27.51,27.63,27.75
-0.4768502999999988,-0.3728854100000021,26.87,27.51,27.63
-0.7376278200000002,-0.576807109999999,25.88,26.87,27.51
0.0745078600000006,0.0582633499999989,25.98,25.88,26.87
0.0372539299999985,0.0291316699999999,26.03,25.98,25.88
-0.1341141499999985,-0.1048740199999986,25.85,26.03,25.98
-0.4619487300000031,-0.3612327400000001,25.23,25.85,26.03
0.1639172900000005,0.1281793599999989,25.45,25.23,25.85
-0.1490157199999977,-0.1165266899999988,25.25,25.45,25.23
-0.0745078600000006,-0.0582633399999998,25.15,25.25,25.45
0.7450785999999994,0.5826334399999986,26.15,25.15,25.25
0.8270372500000001,0.6467231299999998,27.26,26.15,25.15
0.1937204399999998,-1.1660101699999998,27.52,27.26,26.15
-1.2368304799999983,-0.88770053,25.86,27.52,27.26
-0.1639173000000013,-0.1176470599999994,25.64,25.86,27.52
0.1192125799999992,0.0855614899999999,25.8,25.64,25.86
0.4693995199999996,0.3368984000000008,26.43,25.8,25.64
-0.7376278200000002,-0.5294117700000012,25.44,26.43,25.8
0.5364566000000011,0.3850267400000007,26.16,25.44,26.43
-0.4917518799999989,-0.3529411699999993,25.5,26.16,25.44
0.4544979500000004,0.3262031999999983,26.11,25.5,26.16
0.0894094299999999,0.06417113,26.23,26.11,25.5
-0.3799900899999997,-0.2727272699999989,25.72,26.23,26.11
-0.2086220100000027,-0.1497326300000008,25.44,25.72,26.23
-0.1192125699999984,-0.0855614899999999,25.28,25.44,25.72
0.692923099999998,0.4973261999999998,26.21,25.28,25.44
0.6035136700000017,0.4331550800000006,27.02,26.21,25.28
0.2756790799999997,0.1978609599999998,27.39,27.02,26.21
0.5513581700000003,0.3957219300000005,28.13,27.39,27.02
-0.1713680800000006,-0.1229946500000007,27.9,28.13,27.39
0.1639172900000005,0.1176470600000012,28.12,27.9,28.13
-0.1564665100000013,-0.1122994700000017,27.91,28.12,27.9
0.0,0.0,27.91,27.91,28.12
-0.0745078600000006,-0.0534759399999984,27.81,27.91,27.91
-0.0894094299999999,-0.064171120000001,27.69,27.81,27.91
-0.19449307,-0.1978609599999998,27.32,27.69,27.81
-0.0224415100000001,-0.0160427799999993,27.29,27.32,27.69
-0.0822855299999965,-0.0588235299999997,27.18,27.29,27.32
0.4937131799999967,0.3529411699999993,27.84,27.18,27.29
-0.1346490500000001,-0.0962566799999997,27.66,27.84,27.18
-0.2917395999999996,-0.2085561499999997,27.27,27.66,27.84
0.2169345800000002,0.1550802099999995,27.56,27.27,27.66
0.2842590999999999,0.2032085600000002,27.94,27.56,27.27
-0.4862326800000005,-0.3475935799999998,27.29,27.94,27.56
-0.1421295499999999,-0.1016042800000001,27.1,27.29,27.94
-0.1496100499999997,-0.1069518699999996,26.9,27.1,27.29
-0.4114276500000002,-0.2941176500000004,26.35,26.9,27.1
-0.5236351999999975,-0.3743315500000008,25.65,26.35,26.9
0.3515836300000003,0.2513369000000001,26.12,25.65,26.35
-0.0149609999999995,-0.0106951899999998,26.1,26.12,25.65
0.2543370899999999,0.1818181800000005,26.44,26.1,26.12
0.6732452499999972,0.4812834299999995,27.34,26.44,26.1
0.2094540699999996,0.1497326199999999,27.62,27.34,26.44
-0.598440219999997,-0.4278074899999993,26.82,27.62,27.34
-0.6208817199999999,-0.4438502700000004,25.99,26.82,27.62
-1.0622313900000009,-0.7593582899999998,24.57,25.99,26.82
0.5161546900000005,0.3689839599999995,25.26,24.57,25.99
-0.0748050300000002,-0.0534759400000002,25.16,25.26,24.57
0.1795320700000005,0.1283422500000011,25.4,25.16,25.26
0.0299220099999999,0.0213903699999988,25.44,25.4,25.16
0.2094540699999996,0.1497326300000008,25.72,25.44,25.4
0.6657647499999975,0.4759358200000001,26.61,25.72,25.44
0.5909597099999999,0.4224598999999998,27.4,26.61,25.72
-1.7878401499999974,-1.2780748699999993,25.01,27.4,26.61
1.2567244599999974,0.8983957199999999,26.69,25.01,27.4
-0.1570905599999967,-0.1122994600000009,26.48,26.69,25.01
-0.1720515599999998,-0.1229946499999989,26.25,26.48,26.69
0.0523635200000001,0.03743315,26.32,26.25,26.48
-1.054750890000001,-0.7540107000000003,24.91,26.32,26.25
-1.256724460000001,-0.8983957199999999,23.23,24.91,26.32
-0.1645710600000001,-0.1176470600000012,23.01,23.23,24.91
-0.53111569,-0.3796791400000003,22.3,23.01,23.23
-0.5984402200000005,-0.4278074899999993,21.5,22.3,23.01
2.992201090000002,2.139037440000001,25.5,21.5,22.3
-1.0472703800000005,-0.7486631100000007,24.1,25.5,21.5
-1.0771923900000004,-0.7700534700000006,22.66,24.1,25.5
1.144516920000001,0.8181818200000013,24.19,22.66,24.1
-0.19449307,-0.1390374400000009,23.93,24.19,22.66
0.5909597099999999,0.4224598999999998,24.72,23.93,24.19
-1.0173483700000006,-0.7272727299999993,23.36,24.72,23.93
-1.368932000000001,-0.9786096300000012,21.53,23.36,24.72
0.5909597200000007,0.2342405800000015,22.32,21.53,23.36
-0.2692981000000003,-0.1894775800000001,21.96,22.32,21.53
-0.5834792100000001,-0.410534740000001,21.18,21.96,22.32
1.4362565200000006,1.0105470600000004,23.1,21.18,21.96
-0.0748050300000002,-0.0526326600000004,23.0,23.1,21.18
-0.2767786000000001,-0.1947408399999997,22.63,23.0,23.1
-0.22441508,-0.1578979799999995,22.33,22.63,23.0
0.2169345800000002,0.1526347099999991,22.62,22.33,22.63
0.6807257500000006,0.4789571999999999,23.53,22.62,22.33
-1.084672900000001,-0.7631735600000003,22.08,23.53,22.62
-0.897660329999999,-0.6315919099999991,20.88,22.08,23.53
0.4637911699999986,0.3263224900000008,21.5,20.88,22.08
-0.1496100499999997,-0.1052653200000008,21.3,21.5,20.88
-0.0748050299999985,-0.0526326600000004,21.2,21.3,21.5
-0.67324524,-0.4736939299999996,20.3,21.2,21.3
0.7106477499999997,0.5000102599999998,21.25,20.3,21.2
-0.8901798200000002,-0.6263286400000005,20.06,21.25,20.3
-0.5535572000000002,-0.3894816799999994,19.32,20.06,21.25
0.3238406699999991,0.1578979799999995,19.62,19.32,20.06
-1.0016467299999992,-0.7000143740000002,18.29,19.62,19.32
-0.5723695499999994,-0.4000082099999993,17.53,18.29,19.62
1.6192033499999994,1.1316021739999993,19.68,17.53,18.29
0.7606490099999998,0.5315898600000004,20.69,19.68,17.53
-0.5271824800000005,-0.3684286199999995,19.99,20.69,19.68
0.3765589099999999,0.2631633000000004,20.49,19.99,20.69
-0.2033418099999995,-0.142108180000001,20.22,20.49,19.99
-1.2125197199999995,-0.847385813999999,18.61,20.22,20.49
0.4066836299999998,0.2842163639999988,19.15,18.61,20.22
0.5422448499999994,0.3789551400000004,19.87,19.15,18.61
-0.5723695600000003,-0.4000082099999993,19.11,19.87,19.15
0.5723695600000003,0.4000082099999993,19.87,19.11,19.87
0.8585543300000005,0.6000123200000012,21.01,19.87,19.11
-0.308778310000001,-0.2157939000000013,20.6,21.01,19.87
0.00753117,0.0052632600000013,20.61,20.6,21.01
-0.8736166899999986,-0.6105388500000011,19.45,20.61,20.6
-0.0677806000000007,-0.04736939,19.36,19.45,20.61
-0.2409977100000002,-0.1684245099999994,19.04,19.36,19.45
0.8058360899999997,0.5631694599999992,20.11,19.04,19.36
-0.3389030299999991,-0.2368469700000002,19.66,20.11,19.04
-0.2711224199999993,-0.1894775699999993,19.3,19.66,20.11
-0.1355612100000005,-0.0947387899999991,19.12,19.3,19.66
0.045187069999999,0.0315795899999997,19.18,19.12,19.3
0.0753117799999998,0.0526326599999986,19.28,19.18,19.12
-0.0828429599999989,-0.0578959199999999,19.17,19.28,19.18
-0.0301247100000008,-0.0210530699999988,19.13,19.17,19.28
-0.1280300399999987,-0.0894755160000002,18.96,19.13,19.17
0.2861847799999992,0.2000041059999997,19.34,18.96,19.13
0.0753117900000006,0.0526326600000004,19.44,19.34,18.96
0.6702748700000001,0.46843067,20.33,19.44,19.34
0.1430923899999996,0.1000020500000005,20.52,20.33,19.44
0.1807482799999995,0.1263183799999989,20.76,20.52,20.33
-0.9413973000000002,-0.6579082399999994,19.51,20.76,20.52
0.4594018799999997,0.3210592200000004,20.12,19.51,20.76
-0.4518706999999988,-0.31579595,19.52,20.12,19.51
-0.0376558899999999,-0.0263163300000002,19.47,19.52,20.12
0.2635912400000002,0.1842142999999989,19.82,19.47,19.52
-0.5497760200000013,-0.384218409999999,19.09,19.82,19.47
0.1129676800000005,0.0789489899999988,19.24,19.09,19.82
0.35396538,0.2473735000000001,19.71,19.24,19.09
-0.9263349400000004,-0.6473817109999995,18.48,19.71,19.24
0.67780606,0.4736939309999997,19.38,18.48,19.71
-1.7095774899999991,-0.9985191849999993,17.11,19.38,18.48
0.0677805999999989,0.0484016440000001,17.2,17.11,19.38
0.3238406700000009,0.2312522949999991,17.63,17.2,17.11
0.022593539999999,0.016133881,17.66,17.63,17.2
0.286184780000001,0.2043624939999997,18.04,17.66,17.63
-0.3389030300000009,-0.2420082159999985,17.59,18.04,17.66
-0.3690277399999999,-0.263520058000001,17.1,17.59,18.04
0.5497760199999995,0.3925911069999994,17.83,17.1,17.59
0.5045889500000005,0.3603233440000011,18.5,17.83,17.1
0.0979053200000006,0.0699134839999988,18.63,18.5,17.83
0.3087783099999992,0.2204963800000001,19.04,18.63,18.5
0.4669330600000005,0.3334335400000014,19.66,19.04,18.63
-0.1656859199999996,-0.1183151300000009,19.44,19.66,19.04
-0.4819954200000005,-0.344189459999999,18.8,19.44,19.66
0.3087783099999992,0.2204963699999993,19.21,18.8,19.44
0.0376559000000007,0.0268897999999992,19.26,19.21,18.8
-0.1280300400000005,-0.091425319999999,19.09,19.26,19.21
-0.6597049999999989,-0.5377960389999998,18.09,19.09,19.26
0.0227484499999999,0.016133881,18.12,18.09,19.09
-0.1592391400000004,-0.1129371670000001,17.91,18.12,18.09
0.0682453400000007,0.048401643,18.0,17.91,18.12
-0.5990424800000014,-0.4248588690000012,17.21,18.0,17.91
-0.0303312599999987,-0.0215118409999988,17.17,17.21,18.0
-0.1592391400000004,-0.1129371680000002,16.96,17.17,17.21
-0.4094720800000004,-0.2904098600000004,16.42,16.96,17.17
-0.2047360299999994,-0.1452049300000002,16.15,16.42,16.96
-0.27298139,-0.1936065730000002,15.79,16.15,16.42
0.0682453499999997,0.048401643,15.88,15.79,16.15
0.1819875900000003,0.1290710490000002,16.12,15.88,15.79
-0.6445393800000012,-0.4571266309999995,15.27,16.12,15.88
0.0075828200000014,0.0053779600000005,15.28,15.27,16.12
-0.0985766100000002,-0.0699134840000006,15.15,15.28,15.27
1.0085145499999992,0.7152687279999999,16.48,15.15,15.28
0.4777174199999994,0.3388115030000005,17.11,16.48,15.15
-0.0758281599999985,-0.0537796030000006,17.01,17.11,16.48
-0.2729813800000009,-0.1936065730000002,16.65,17.01,17.11
-0.3033126499999987,-0.2151184149999991,16.25,16.65,17.01
0.4928830499999996,0.3495674239999999,16.9,16.25,16.65
0.0454968999999998,0.032267762,16.96,16.9,16.25
0.1364906900000004,0.0968032860000001,17.14,16.96,16.9
-0.0606625300000001,-0.0430236820000011,17.06,17.14,16.96
0.9630176599999984,0.6830009660000016,18.33,17.06,17.14
-0.3033126499999987,-0.2151184150000009,17.93,18.33,17.06
-0.0379140800000001,-0.0268898009999993,17.88,17.93,18.33
0.720367529999999,0.5109062360000003,18.83,17.88,17.93
-0.5307971299999998,-0.3764572270000013,18.13,18.83,17.88
-0.4928830499999996,-0.3495674239999999,17.48,18.13,18.83
0.67487064,0.4786384720000001,18.37,17.48,18.13
0.7127847200000001,0.505528279,19.31,18.37,17.48
-0.0151656300000002,-0.0107559199999993,19.29,19.31,18.37
-0.4094720699999996,-0.2904098600000004,18.75,19.29,19.31
0.0075828100000006,0.0053779600000005,18.76,18.75,19.29
0.0,0.0,18.76,18.76,18.75
0.3260610999999986,0.2312522900000004,19.19,18.76,18.76
0.3639751700000015,0.2581420999999988,19.67,19.19,18.76
-0.0606625300000001,-0.0430236799999992,19.59,19.67,19.19
-0.1819875800000012,-0.1290710500000003,19.35,19.59,19.67
-0.3943064500000002,-0.2796539399999993,18.83,19.35,19.59
0.7052019100000013,0.5001503099999987,19.76,18.83,19.35
-0.4246377100000007,-0.3011657799999998,19.2,19.76,18.83
-0.4473861499999998,-0.3172996599999997,18.61,19.2,19.76
0.2729813799999991,0.19360657,18.97,18.61,19.2
-0.1440735099999983,-0.1021812400000001,18.78,18.97,18.61
0.1061594299999999,0.7674206800000007,18.92,18.78,18.97
1.5089804199999983,1.1430120600000002,20.91,18.92,18.78
-0.3867236199999997,-0.2929327400000012,20.4,20.91,18.92
-0.35639237,-0.2699576199999995,19.93,20.4,20.91
0.2426501200000004,0.1838009300000003,20.25,19.93,20.4
0.0075828199999996,0.0057437799999995,20.26,20.25,19.93
-0.0151656300000002,-0.011487559999999,20.24,20.26,20.25
-0.0379140800000001,-0.0287189000000012,20.19,20.24,20.26
-0.3033126499999987,-0.2297511599999993,19.79,20.19,20.24
0.0,0.0,19.79,19.79,20.19
-0.3563923600000009,-0.2699576300000004,19.32,19.79,19.79
0.0758281600000003,0.0574378000000006,19.42,19.32,19.79
-0.0758281600000003,-0.0574378000000006,19.32,19.42,19.32
0.4322205200000013,0.3273954200000002,19.89,19.32,19.42
-0.1061594300000017,-0.0804129099999997,19.75,19.89,19.32
0.2350673100000015,0.1780571599999998,20.06,19.75,19.89
0.1213250499999993,0.0919004599999997,20.22,20.06,19.75
